"id","Genotype","marker","chr","pos","avg1"
"AKRON","AA","IWA4096","2B",696677568,0.0110857459
"CAMELOT","AA","IWA4096","2B",696677568,0.0147623685666667
"CO04W320","AA","IWA4096","2B",696677568,0.0087907269
"LINDON","AA","IWA4096","2B",696677568,0.0133619791
"MILLENNIUM","AA","IWA4096","2B",696677568,0.00958821483333333
"NUFRONTIER","AA","IWA4096","2B",696677568,0.00716537613333333
"OK_RISING","AA","IWA4096","2B",696677568,0.0159196088333333
"OK10119","AA","IWA4096","2B",696677568,0.0119136014
"OK1068002","AA","IWA4096","2B",696677568,0.0112068301666667
"OVERLAND","AA","IWA4096","2B",696677568,0.010253859
"PETE","AA","IWA4096","2B",696677568,0.0156904133333333
"POSTROCK","AA","IWA4096","2B",696677568,0.015252359
"GALLAGHER","AA","IWA4096","2B",696677568,0.00821597586666667
"CENTURA","AA","IWA4096","2B",696677568,0.0136232148333333
"REDLAND","AA","IWA4096","2B",696677568,0.011363859
"TAM107_R7","AA","IWA4096","2B",696677568,0.0167403282666667
"TAM203","AA","IWA4096","2B",696677568,0.0122081781333333
"TAM400","AA","IWA4096","2B",696677568,0.014752251
"TX86A6880","AA","IWA4096","2B",696677568,0.016564111
"MT9513","AA","IWA4096","2B",696677568,0.00901759183333333
"TX05V7269","AA","IWA4096","2B",696677568,0.0117810535
"TX05A001188","AA","IWA4096","2B",696677568,0.0126268682666667
"BILLINGS","BB","IWA4096","2B",696677568,0.00972236783333333
"DANBY","AA","IWA4096","2B",696677568,0.0115016643333333
"E2041","BB","IWA4096","2B",696677568,0.018158723
"DENALI","AA","IWA4096","2B",696677568,0.0149453180333333
"CO050337_2","AA","IWA4096","2B",696677568,0.0168402238333333
"BYRD","AA","IWA4096","2B",696677568,0.0162621840666667
"CO07W245","AA","IWA4096","2B",696677568,0.0148021706
"MCGILL","AA","IWA4096","2B",696677568,0.0115996091666667
"NE02558","AA","IWA4096","2B",696677568,0.0127218035666667
"NW03666","AA","IWA4096","2B",696677568,0.0117993398666667
"NE04490","AA","IWA4096","2B",696677568,0.0132209382666667
"NE05430","AA","IWA4096","2B",696677568,0.0199242943666667
"NE05496","AA","IWA4096","2B",696677568,0.0137170563333333
"NE05548","AA","IWA4096","2B",696677568,0.00980265606666667
"NE06545","AA","IWA4096","2B",696677568,0.0175836513666667
"NE06607","AA","IWA4096","2B",696677568,0.0124576414333333
"ROBIDOUX","AA","IWA4096","2B",696677568,0.0115504942333333
"NI06736","AA","IWA4096","2B",696677568,0.00950290823333333
"NI06737","AA","IWA4096","2B",696677568,0.0098718687
"NI07703","AA","IWA4096","2B",696677568,0.0136879425
"NI08707","AA","IWA4096","2B",696677568,0.0135918035666667
"NI08708","AA","IWA4096","2B",696677568,0.0124805039333333
"BRONZE","AA","IWA4096","2B",696677568,0.01056979
"NELL","AA","IWA4096","2B",696677568,0.0120090390666667
"WINOKA","AA","IWA4096","2B",696677568,0.0103350910333333
"ENDURANCE","BB","IWA4096","2B",696677568,0.0131689817
"AGATE","AA","IWA4096","2B",696677568,0.00722604556666667
"CENTERFIELD","AA","IWA4096","2B",696677568,0.0151547964666667
"CENTURK78","AA","IWA4096","2B",696677568,0.015509077
"COLT","AA","IWA4096","2B",696677568,0.0170073452
"SCOUT66","AA","IWA4096","2B",696677568,0.0102790583666667
"OK05303","AA","IWA4096","2B",696677568,0.00950987886666667
"OK05312","AA","IWA4096","2B",696677568,0.0118049020333333
"OK05134","AA","IWA4096","2B",696677568,0.0169365552
"OK05526","AA","IWA4096","2B",696677568,0.0140163693
"OK05830","AA","IWA4096","2B",696677568,0.0126061882
"OK04507","AA","IWA4096","2B",696677568,0.0146096084666667
"PRONGHORN","AA","IWA4096","2B",696677568,0.0122170981666667
"HALLAM","AA","IWA4096","2B",696677568,0.0125460358666667
"ROSE","AA","IWA4096","2B",696677568,0.0102395692666667
"DAWN","AA","IWA4096","2B",696677568,0.0103198711666667
"OK05511","AA","IWA4096","2B",696677568,0.0119169895666667
"CRIMSON","AA","IWA4096","2B",696677568,0.0105319721666667
"TANDEM","AA","IWA4096","2B",696677568,0.0111037071
"GUYMON","AA","IWA4096","2B",696677568,0.0109996306333333
"DUSTER","AA","IWA4096","2B",696677568,0.00931304823333333
"OK05711W","AA","IWA4096","2B",696677568,0.0075657245
"OK02405","AA","IWA4096","2B",696677568,0.0153687295333333
"GARRISON","AA","IWA4096","2B",696677568,0.0100736927333333
"OK05723W","AA","IWA4096","2B",696677568,0.00631160846666667
"OK05122","AA","IWA4096","2B",696677568,0.0102545866666667
"SD05118","AA","IWA4096","2B",696677568,0.0134280902333333
"SD05W018","AA","IWA4096","2B",696677568,0.0117593055
"OK04505","AA","IWA4096","2B",696677568,0.0130828770333333
"OK04525","AA","IWA4096","2B",696677568,0.0161249242
"OK04415","AA","IWA4096","2B",696677568,0.0136931076333333
"OK04111","AA","IWA4096","2B",696677568,0.0136248885333333
"TURKEY_NEBSEL","AA","IWA4096","2B",696677568,0.0102131501333333
"CENTURY","AA","IWA4096","2B",696677568,0.00854874666666667
"CUSTER","AA","IWA4096","2B",696677568,0.0144356826333333
"CHEYENNE","AA","IWA4096","2B",696677568,0.0097665164
"WENDY","AA","IWA4096","2B",696677568,0.0140697569
"HARDING","AA","IWA4096","2B",696677568,0.0146443191333333
"TRIUMPH64","AA","IWA4096","2B",696677568,0.0142062973
"CHISHOLM","AA","IWA4096","2B",696677568,0.0168045437
"OK06318","AA","IWA4096","2B",696677568,0.0116670123333333
"OK06336","AA","IWA4096","2B",696677568,0.0191772928666667
"DARRELL","AA","IWA4096","2B",696677568,0.0115348614666667
"GENT","AA","IWA4096","2B",696677568,0.0115043326333333
"OK06210","AA","IWA4096","2B",696677568,0.0142387073333333
"OK06319","AA","IWA4096","2B",696677568,0.0198770123333333
"KHARKOF","AA","IWA4096","2B",696677568,0.00704686436666667
"CULVER","AA","IWA4096","2B",696677568,0.013659193
"ANTELOPE","AA","IWA4096","2B",696677568,0.0111962141333333
"BUCKSKIN","AA","IWA4096","2B",696677568,0.00897150266666667
"NIOBRARA","AA","IWA4096","2B",696677568,0.0099078637
"DELIVER","AA","IWA4096","2B",696677568,0.00902524406666667
"OK_BULLET","AA","IWA4096","2B",696677568,0.0190303450666667
"INTRADA","AA","IWA4096","2B",696677568,0.0130497248333333
"OK101","AA","IWA4096","2B",696677568,0.0164740159666667
"LANCER","BB","IWA4096","2B",696677568,0.0083793917
"WICHITA","AA","IWA4096","2B",696677568,0.0207488701666667
"WARRIOR","AA","IWA4096","2B",696677568,0.00981478253333333
"MACE","AA","IWA4096","2B",696677568,0.0152720233
"HARRY","AA","IWA4096","2B",696677568,0.0110110590333333
"VISTA","BB","IWA4096","2B",696677568,0.0142512142
"JERRY","AA","IWA4096","2B",696677568,0.00796627546666667
"GOODSTREAK","AA","IWA4096","2B",696677568,0.0148590988
"ARLIN","AA","IWA4096","2B",696677568,0.0107789764
"GAGE","BB","IWA4096","2B",696677568,0.0100125979666667
"WINDSTAR","AA","IWA4096","2B",696677568,0.017592264
"NE99495","AA","IWA4096","2B",696677568,0.0104944792333333
"RAWHIDE","AA","IWA4096","2B",696677568,0.0133040449
"JAGGER","AA","IWA4096","2B",696677568,0.0124737648333333
"BENNETT","AA","IWA4096","2B",696677568,0.0123917832
"LYMAN","AA","IWA4096","2B",696677568,0.00970727546666667
"SD01058","AA","IWA4096","2B",696677568,0.0131445910666667
"SD01237","AA","IWA4096","2B",696677568,0.0119113519333333
"WAHOO","AA","IWA4096","2B",696677568,0.0115078353666667
"WESLEY","AA","IWA4096","2B",696677568,0.0169428491
"ALICE","AA","IWA4096","2B",696677568,0.0115095041333333
"ARAPAHOE","AA","IWA4096","2B",696677568,0.0127017832
"NEKOTA","AA","IWA4096","2B",696677568,0.0156236616
"ANTON","AA","IWA4096","2B",696677568,0.0116270086666667
"HOMESTEAD","AA","IWA4096","2B",696677568,0.0115931693333333
"OK05204","AA","IWA4096","2B",696677568,0.0144639937666667
"INFINITY_CL","AA","IWA4096","2B",696677568,0.010659193
"OK06114","BB","IWA4096","2B",696677568,0.0148136927333333
"SIOUXLAND","AA","IWA4096","2B",696677568,0.0134147825333333
"OK05108","AA","IWA4096","2B",696677568,0.0159645866666667
"RITA","AA","IWA4096","2B",696677568,0.0073871096
"G1878","AA","IWA4096","2B",696677568,0.0106190390666667
"HV9W03_1379R","AA","IWA4096","2B",696677568,0.0126856839333333
"HV9W03_1551WP","BB","IWA4096","2B",696677568,0.0169481379333333
"SPARTAN","BB","IWA4096","2B",696677568,0.0169092049
"HV906_865","BB","IWA4096","2B",696677568,0.0106493326333333
"PROWERS","BB","IWA4096","2B",696677568,0.00935481643333333
"HV9W03_1596R","AA","IWA4096","2B",696677568,0.0129956839333333
"HV9W05_1280R","BB","IWA4096","2B",696677568,0.0128498217666667
"HV9W06_504","AA","IWA4096","2B",696677568,0.0169043094666667
"SMOKYHILL","AA","IWA4096","2B",696677568,0.0108674665666667
"ABOVE","AA","IWA4096","2B",696677568,0.0125302155333333
"VONA","AA","IWA4096","2B",696677568,0.0146550910333333
"SANDY","AA","IWA4096","2B",696677568,0.0090745411
"HAIL","AA","IWA4096","2B",696677568,0.0095411272
"BOND_CL","AA","IWA4096","2B",696677568,0.0121550774
"PLATTE","AA","IWA4096","2B",696677568,0.01432868
"CO03W043","AA","IWA4096","2B",696677568,0.0117009613666667
"CO03W054","AA","IWA4096","2B",696677568,0.0127459395666667
"CO04025","AA","IWA4096","2B",696677568,0.0151328984333333
"CO04393","AA","IWA4096","2B",696677568,0.0100462549333333
"CO04499","AA","IWA4096","2B",696677568,0.0155167912
"LAMAR","AA","IWA4096","2B",696677568,0.00921605553333333
"CARSON","AA","IWA4096","2B",696677568,0.0148942077666667
"AVALANCHE","AA","IWA4096","2B",696677568,0.0127227222
"HALT","AA","IWA4096","2B",696677568,0.0144178984333333
"HATCHER","AA","IWA4096","2B",696677568,0.0114567123
"PRAIRIE_RED","AA","IWA4096","2B",696677568,0.0128359395666667
"YUMAR","AA","IWA4096","2B",696677568,0.0141500091
"SHOCKER","AA","IWA4096","2B",696677568,0.0164530868333333
"CO03064","AA","IWA4096","2B",696677568,0.0153897936666667
"BILL_BROWN","AA","IWA4096","2B",696677568,0.0142443593333333
"RIPPER","AA","IWA4096","2B",696677568,0.0195410394666667
"TARKIO","AA","IWA4096","2B",696677568,0.00824472346666667
"YUMA","AA","IWA4096","2B",696677568,0.0146248301666667
"JULES","AA","IWA4096","2B",696677568,0.0129341734333333
"LOCKETT","AA","IWA4096","2B",696677568,0.0155156354666667
"TAM302","AA","IWA4096","2B",696677568,0.0072065286
"TAM303","AA","IWA4096","2B",696677568,0.0131581781333333
"CAPROCK","BB","IWA4096","2B",696677568,0.0175364496333333
"TAM200","AA","IWA4096","2B",696677568,0.0114164968333333
"TAM112","BB","IWA4096","2B",696677568,0.0188189923
"TAM401","AA","IWA4096","2B",696677568,0.0220948481333333
"TAMW_101","BB","IWA4096","2B",696677568,0.0228390574333333
"TX01A5936","AA","IWA4096","2B",696677568,0.0130582032666667
"TAM105","AA","IWA4096","2B",696677568,0.0175751312333333
"TX86A8072","AA","IWA4096","2B",696677568,0.0132133454333333
"TAM304","AA","IWA4096","2B",696677568,0.0192839859333333
"TAM202","AA","IWA4096","2B",696677568,0.0106959117333333
"STURDY","BB","IWA4096","2B",696677568,0.0189375543
"TX86A5606","AA","IWA4096","2B",696677568,0.0160057493
"TX03A0563","AA","IWA4096","2B",696677568,0.0103578301333333
"TX03A0148","AA","IWA4096","2B",696677568,0.0136075543
"TX02A0252","AA","IWA4096","2B",696677568,0.0125568069666667
"TX04V075080","AA","IWA4096","2B",696677568,0.01598515
"TX04M410211","BB","IWA4096","2B",696677568,0.0132256071333333
"MIT","BB","IWA4096","2B",696677568,0.0253556208333333
"STURDY_2K","BB","IWA4096","2B",696677568,0.0289403833333333
"2180","BB","IWA4096","2B",696677568,0.0115986158333333
"TAM107","AA","IWA4096","2B",696677568,0.0146417636333333
"HG_9","AA","IWA4096","2B",696677568,0.0156874614666667
"TX96D1073","AA","IWA4096","2B",696677568,0.0140601779333333
"TX99A0153_1","AA","IWA4096","2B",696677568,0.0134566307666667
"TX04M410164","AA","IWA4096","2B",696677568,0.01569015
"TAM111","AA","IWA4096","2B",696677568,0.0205842450666667
"TX00V1131","AA","IWA4096","2B",696677568,0.0082444968
"TX01M5009_28","AA","IWA4096","2B",696677568,0.0151506208333333
"TX04A001246","AA","IWA4096","2B",696677568,0.0089581403
"TAM110","AA","IWA4096","2B",696677568,0.0154210163
"TAM109","BB","IWA4096","2B",696677568,0.0178064603333333
"TX01V5134RC_3","AA","IWA4096","2B",696677568,0.0146292552333333
"TX99U8618","AA","IWA4096","2B",696677568,0.0163499903
"HUME","AA","IWA4096","2B",696677568,0.0136839521333333
"2174_05","AA","IWA4096","2B",696677568,0.0159073150333333
"CREST","AA","IWA4096","2B",696677568,0.0119119723333333
"ROSEBUD","BB","IWA4096","2B",696677568,0.0137915918333333
"DECADE","AA","IWA4096","2B",696677568,0.0131823228333333
"MT06103","AA","IWA4096","2B",696677568,0.0153909483666667
"TX06A001263","AA","IWA4096","2B",696677568,0.0163250357666667
"TX05A001822","AA","IWA4096","2B",696677568,0.0160219825333333
"TX06A001132","AA","IWA4096","2B",696677568,0.0165724533666667
"TX06A001281","AA","IWA4096","2B",696677568,0.0145407729666667
"TX05V7259","AA","IWA4096","2B",696677568,0.0182649488333333
"TX07A001279","AA","IWA4096","2B",696677568,0.0142040682
"TX07A001318","AA","IWA4096","2B",696677568,0.0158386245333333
"TX07A001420","AA","IWA4096","2B",696677568,0.0167574015333333
"TX06V7266","AA","IWA4096","2B",696677568,0.0147369444
"OK1067071","AA","IWA4096","2B",696677568,0.0134793487333333
"OK1067274","BB","IWA4096","2B",696677568,0.0152674298666667
"OK1068009","AA","IWA4096","2B",696677568,0.0150193829666667
"OK1068026","AA","IWA4096","2B",696677568,0.0239907486
"OK1068112","AA","IWA4096","2B",696677568,0.0155677163
"OK1070275","AA","IWA4096","2B",696677568,0.0141357120666667
"OK1070267","AA","IWA4096","2B",696677568,0.0127565774
"OK09634","AA","IWA4096","2B",696677568,0.0151641137
"OK07231","AA","IWA4096","2B",696677568,0.0132436110666667
"OK07S117","BB","IWA4096","2B",696677568,0.0113684251666667
"OK08328","AA","IWA4096","2B",696677568,0.0154223787333333
"TX06A001386","AA","IWA4096","2B",696677568,0.0148933473
"LAKIN","AA","IWA4096","2B",696677568,0.00863510546666667
"OVERLEY","AA","IWA4096","2B",696677568,0.0166641346666667
"BIG_SKY","AA","IWA4096","2B",696677568,0.0108640965333333
"MT0495","AA","IWA4096","2B",696677568,0.0103085112666667
"MT85200","AA","IWA4096","2B",696677568,0.0152977307666667
"ALLIANCE","AA","IWA4096","2B",696677568,0.0151514799
"MTS0531","BB","IWA4096","2B",696677568,0.0106924297
"FULLER","AA","IWA4096","2B",696677568,0.0109791200333333
"NUSKY","AA","IWA4096","2B",696677568,0.00747772653333333
"GENOU","AA","IWA4096","2B",696677568,0.011084111
"COUGAR","AA","IWA4096","2B",696677568,0.0143184841333333
"YELLOWSTONE","AA","IWA4096","2B",696677568,0.0144053056666667
"MT9982","AA","IWA4096","2B",696677568,0.0158133236333333
"EXPEDITION","AA","IWA4096","2B",696677568,0.0176998614666667
"JUDEE","AA","IWA4096","2B",696677568,0.0102233966
"MT9904","AA","IWA4096","2B",696677568,0.0138176965
"NUPLAINS","AA","IWA4096","2B",696677568,0.00964534456666667
"OK102","AA","IWA4096","2B",696677568,0.0129765677
"NORRIS","AA","IWA4096","2B",696677568,0.0138867729666667
"DUKE","AA","IWA4096","2B",696677568,0.0163645747666667
"JUDITH","AA","IWA4096","2B",696677568,0.0104902922
"SD05210","AA","IWA4096","2B",696677568,0.0112565513
"NEWTON","AA","IWA4096","2B",696677568,0.0140964289
"PARKER","BB","IWA4096","2B",696677568,0.0139880955666667
"LARNED","AA","IWA4096","2B",696677568,0.00895661503333333
"KAW61","BB","IWA4096","2B",696677568,0.0196450632666667
"STANTON","AA","IWA4096","2B",696677568,0.0154792913666667
"PARKER76","AA","IWA4096","2B",696677568,0.0153131273
"TASCOSA","AA","IWA4096","2B",696677568,0.013526887
"TREGO","AA","IWA4096","2B",696677568,0.0120157721333333
"KIRWIN","AA","IWA4096","2B",696677568,0.0171022577
"BISON","AA","IWA4096","2B",696677568,0.0160250926
"KARL_92","AA","IWA4096","2B",696677568,0.0110458438
"SAGE","AA","IWA4096","2B",696677568,0.0127333623333333
"KIOWA","AA","IWA4096","2B",696677568,0.0129685305
"DODGE","BB","IWA4096","2B",696677568,0.0117393724333333
"TRISON","AA","IWA4096","2B",696677568,0.0112214435
"COMANCHE","AA","IWA4096","2B",696677568,0.0160499267666667
"NORKAN","AA","IWA4096","2B",696677568,0.0124463923666667
"EAGLE","AA","IWA4096","2B",696677568,0.0119597768333333
"CHENEY","AA","IWA4096","2B",696677568,0.0136714151666667
"SHAWNEE","BB","IWA4096","2B",696677568,0.0132973446333333
"HEYNE","AA","IWA4096","2B",696677568,0.0137424168666667
"2145","AA","IWA4096","2B",696677568,0.0162541518
"BAKERS_WHITE","AA","IWA4096","2B",696677568,0.0136099049666667
"BURCHETT","AA","IWA4096","2B",696677568,0.0147723078666667
"CO940610","BB","IWA4096","2B",696677568,0.0102330868333333
"COSSACK","AA","IWA4096","2B",696677568,0.0215424851333333
"CUTTER","AA","IWA4096","2B",696677568,0.0120948398333333
"DUMAS","AA","IWA4096","2B",696677568,0.0169076111666667
"ENHANCER","AA","IWA4096","2B",696677568,0.0176769728333333
"HONDO","AA","IWA4096","2B",696677568,0.00807620686666667
"JAGALENE","AA","IWA4096","2B",696677568,0.0149376454333333
"KEOTA","AA","IWA4096","2B",696677568,0.0127484633
"KS00F5_20_3","AA","IWA4096","2B",696677568,0.0101932821666667
"LONGHORN","AA","IWA4096","2B",696677568,0.0122784259333333
"NEOSHO","AA","IWA4096","2B",696677568,0.0138583543
"NUHORIZON","AA","IWA4096","2B",696677568,0.0113306777
"OGALLALA","AA","IWA4096","2B",696677568,0.0103702068666667
"ONAGA","BB","IWA4096","2B",696677568,0.0163118638333333
"RONL","AA","IWA4096","2B",696677568,0.0104360877666667
"SANTA_FE","AA","IWA4096","2B",696677568,0.00914532933333333
"SETTLER_CL","AA","IWA4096","2B",696677568,0.0149361970333333
"THUNDER_CL","AA","IWA4096","2B",696677568,0.0121850091
"THUNDERBOLT","AA","IWA4096","2B",696677568,0.0112573761333333
"VENANGO","AA","IWA4096","2B",696677568,0.0147536626666667
"W04_417","AA","IWA4096","2B",696677568,0.0127149267666667
"WB411W","AA","IWA4096","2B",696677568,0.00936777296666667
"AKRON","AA","IWA4095","2B",696677327,0.0110857459
"CAMELOT","AA","IWA4095","2B",696677327,0.0147623685666667
"CO04W320","AA","IWA4095","2B",696677327,0.0087907269
"LINDON","AA","IWA4095","2B",696677327,0.0133619791
"MILLENNIUM","AA","IWA4095","2B",696677327,0.00958821483333333
"NUFRONTIER","AA","IWA4095","2B",696677327,0.00716537613333333
"OK_RISING","AA","IWA4095","2B",696677327,0.0159196088333333
"OK10119","AA","IWA4095","2B",696677327,0.0119136014
"OK1068002","AA","IWA4095","2B",696677327,0.0112068301666667
"OVERLAND","AA","IWA4095","2B",696677327,0.010253859
"PETE","AA","IWA4095","2B",696677327,0.0156904133333333
"POSTROCK","AA","IWA4095","2B",696677327,0.015252359
"GALLAGHER","AA","IWA4095","2B",696677327,0.00821597586666667
"CENTURA","AA","IWA4095","2B",696677327,0.0136232148333333
"REDLAND","AA","IWA4095","2B",696677327,0.011363859
"TAM107_R7","AA","IWA4095","2B",696677327,0.0167403282666667
"TAM203","AA","IWA4095","2B",696677327,0.0122081781333333
"TAM400","AA","IWA4095","2B",696677327,0.014752251
"TX86A6880","AA","IWA4095","2B",696677327,0.016564111
"MT9513","AA","IWA4095","2B",696677327,0.00901759183333333
"TX05V7269","AA","IWA4095","2B",696677327,0.0117810535
"TX05A001188","AA","IWA4095","2B",696677327,0.0126268682666667
"BILLINGS","BB","IWA4095","2B",696677327,0.00972236783333333
"DANBY","AA","IWA4095","2B",696677327,0.0115016643333333
"E2041","BB","IWA4095","2B",696677327,0.018158723
"DENALI","AA","IWA4095","2B",696677327,0.0149453180333333
"CO050337_2","AA","IWA4095","2B",696677327,0.0168402238333333
"BYRD","AA","IWA4095","2B",696677327,0.0162621840666667
"CO07W245","AA","IWA4095","2B",696677327,0.0148021706
"MCGILL","AA","IWA4095","2B",696677327,0.0115996091666667
"NE02558","AA","IWA4095","2B",696677327,0.0127218035666667
"NW03666","AA","IWA4095","2B",696677327,0.0117993398666667
"NE04490","AA","IWA4095","2B",696677327,0.0132209382666667
"NE05430","AA","IWA4095","2B",696677327,0.0199242943666667
"NE05496","AA","IWA4095","2B",696677327,0.0137170563333333
"NE05548","AA","IWA4095","2B",696677327,0.00980265606666667
"NE06545","AA","IWA4095","2B",696677327,0.0175836513666667
"NE06607","AA","IWA4095","2B",696677327,0.0124576414333333
"ROBIDOUX","AA","IWA4095","2B",696677327,0.0115504942333333
"NI06736","AA","IWA4095","2B",696677327,0.00950290823333333
"NI06737","AA","IWA4095","2B",696677327,0.0098718687
"NI07703","AA","IWA4095","2B",696677327,0.0136879425
"NI08707","AA","IWA4095","2B",696677327,0.0135918035666667
"NI08708","AA","IWA4095","2B",696677327,0.0124805039333333
"BRONZE","AA","IWA4095","2B",696677327,0.01056979
"NELL","AA","IWA4095","2B",696677327,0.0120090390666667
"WINOKA","AA","IWA4095","2B",696677327,0.0103350910333333
"ENDURANCE","BB","IWA4095","2B",696677327,0.0131689817
"AGATE","AA","IWA4095","2B",696677327,0.00722604556666667
"CENTERFIELD","AA","IWA4095","2B",696677327,0.0151547964666667
"CENTURK78","AA","IWA4095","2B",696677327,0.015509077
"COLT","AA","IWA4095","2B",696677327,0.0170073452
"SCOUT66","AA","IWA4095","2B",696677327,0.0102790583666667
"OK05303","AA","IWA4095","2B",696677327,0.00950987886666667
"OK05312","AA","IWA4095","2B",696677327,0.0118049020333333
"OK05134","AA","IWA4095","2B",696677327,0.0169365552
"OK05526","AA","IWA4095","2B",696677327,0.0140163693
"OK05830","AA","IWA4095","2B",696677327,0.0126061882
"OK04507","AA","IWA4095","2B",696677327,0.0146096084666667
"PRONGHORN","AA","IWA4095","2B",696677327,0.0122170981666667
"HALLAM","AA","IWA4095","2B",696677327,0.0125460358666667
"ROSE","AA","IWA4095","2B",696677327,0.0102395692666667
"DAWN","AA","IWA4095","2B",696677327,0.0103198711666667
"OK05511","AA","IWA4095","2B",696677327,0.0119169895666667
"CRIMSON","AA","IWA4095","2B",696677327,0.0105319721666667
"TANDEM","AA","IWA4095","2B",696677327,0.0111037071
"GUYMON","AA","IWA4095","2B",696677327,0.0109996306333333
"DUSTER","AA","IWA4095","2B",696677327,0.00931304823333333
"OK05711W","AA","IWA4095","2B",696677327,0.0075657245
"OK02405","AA","IWA4095","2B",696677327,0.0153687295333333
"GARRISON","AA","IWA4095","2B",696677327,0.0100736927333333
"OK05723W","AA","IWA4095","2B",696677327,0.00631160846666667
"OK05122","AA","IWA4095","2B",696677327,0.0102545866666667
"SD05118","AA","IWA4095","2B",696677327,0.0134280902333333
"SD05W018","AA","IWA4095","2B",696677327,0.0117593055
"OK04505","AA","IWA4095","2B",696677327,0.0130828770333333
"OK04525","AA","IWA4095","2B",696677327,0.0161249242
"OK04415","AA","IWA4095","2B",696677327,0.0136931076333333
"OK04111","AA","IWA4095","2B",696677327,0.0136248885333333
"TURKEY_NEBSEL","AA","IWA4095","2B",696677327,0.0102131501333333
"CENTURY","AA","IWA4095","2B",696677327,0.00854874666666667
"CUSTER","AA","IWA4095","2B",696677327,0.0144356826333333
"CHEYENNE","AA","IWA4095","2B",696677327,0.0097665164
"WENDY","AA","IWA4095","2B",696677327,0.0140697569
"HARDING","AA","IWA4095","2B",696677327,0.0146443191333333
"TRIUMPH64","AA","IWA4095","2B",696677327,0.0142062973
"CHISHOLM","AA","IWA4095","2B",696677327,0.0168045437
"OK06318","AA","IWA4095","2B",696677327,0.0116670123333333
"OK06336","AA","IWA4095","2B",696677327,0.0191772928666667
"DARRELL","AA","IWA4095","2B",696677327,0.0115348614666667
"GENT","AA","IWA4095","2B",696677327,0.0115043326333333
"OK06210","AA","IWA4095","2B",696677327,0.0142387073333333
"OK06319","AA","IWA4095","2B",696677327,0.0198770123333333
"KHARKOF","AA","IWA4095","2B",696677327,0.00704686436666667
"CULVER","AA","IWA4095","2B",696677327,0.013659193
"ANTELOPE","AA","IWA4095","2B",696677327,0.0111962141333333
"BUCKSKIN","AA","IWA4095","2B",696677327,0.00897150266666667
"NIOBRARA","AA","IWA4095","2B",696677327,0.0099078637
"DELIVER","AA","IWA4095","2B",696677327,0.00902524406666667
"OK_BULLET","AA","IWA4095","2B",696677327,0.0190303450666667
"INTRADA","AA","IWA4095","2B",696677327,0.0130497248333333
"OK101","AA","IWA4095","2B",696677327,0.0164740159666667
"LANCER","BB","IWA4095","2B",696677327,0.0083793917
"WICHITA","AA","IWA4095","2B",696677327,0.0207488701666667
"WARRIOR","AA","IWA4095","2B",696677327,0.00981478253333333
"MACE","AA","IWA4095","2B",696677327,0.0152720233
"HARRY","AA","IWA4095","2B",696677327,0.0110110590333333
"VISTA","AA","IWA4095","2B",696677327,0.0142512142
"JERRY","AA","IWA4095","2B",696677327,0.00796627546666667
"GOODSTREAK","AA","IWA4095","2B",696677327,0.0148590988
"ARLIN","AA","IWA4095","2B",696677327,0.0107789764
"GAGE","BB","IWA4095","2B",696677327,0.0100125979666667
"WINDSTAR","AA","IWA4095","2B",696677327,0.017592264
"NE99495","AA","IWA4095","2B",696677327,0.0104944792333333
"RAWHIDE","AA","IWA4095","2B",696677327,0.0133040449
"JAGGER","AA","IWA4095","2B",696677327,0.0124737648333333
"BENNETT","AA","IWA4095","2B",696677327,0.0123917832
"LYMAN","AA","IWA4095","2B",696677327,0.00970727546666667
"SD01058","AA","IWA4095","2B",696677327,0.0131445910666667
"SD01237","AA","IWA4095","2B",696677327,0.0119113519333333
"WAHOO","AA","IWA4095","2B",696677327,0.0115078353666667
"WESLEY","AA","IWA4095","2B",696677327,0.0169428491
"ALICE","AA","IWA4095","2B",696677327,0.0115095041333333
"ARAPAHOE","AA","IWA4095","2B",696677327,0.0127017832
"NEKOTA","AA","IWA4095","2B",696677327,0.0156236616
"ANTON","AA","IWA4095","2B",696677327,0.0116270086666667
"HOMESTEAD","AA","IWA4095","2B",696677327,0.0115931693333333
"OK05204","AA","IWA4095","2B",696677327,0.0144639937666667
"INFINITY_CL","AA","IWA4095","2B",696677327,0.010659193
"OK06114","BB","IWA4095","2B",696677327,0.0148136927333333
"SIOUXLAND","AA","IWA4095","2B",696677327,0.0134147825333333
"OK05108","AA","IWA4095","2B",696677327,0.0159645866666667
"RITA","AA","IWA4095","2B",696677327,0.0073871096
"G1878","AA","IWA4095","2B",696677327,0.0106190390666667
"HV9W03_1379R","AA","IWA4095","2B",696677327,0.0126856839333333
"HV9W03_1551WP","BB","IWA4095","2B",696677327,0.0169481379333333
"SPARTAN","BB","IWA4095","2B",696677327,0.0169092049
"HV906_865","BB","IWA4095","2B",696677327,0.0106493326333333
"PROWERS","AA","IWA4095","2B",696677327,0.00935481643333333
"HV9W03_1596R","AA","IWA4095","2B",696677327,0.0129956839333333
"HV9W05_1280R","BB","IWA4095","2B",696677327,0.0128498217666667
"HV9W06_504","AA","IWA4095","2B",696677327,0.0169043094666667
"SMOKYHILL","AA","IWA4095","2B",696677327,0.0108674665666667
"ABOVE","AA","IWA4095","2B",696677327,0.0125302155333333
"VONA","AA","IWA4095","2B",696677327,0.0146550910333333
"SANDY","AA","IWA4095","2B",696677327,0.0090745411
"HAIL","AA","IWA4095","2B",696677327,0.0095411272
"BOND_CL","AA","IWA4095","2B",696677327,0.0121550774
"PLATTE","AA","IWA4095","2B",696677327,0.01432868
"CO03W043","AA","IWA4095","2B",696677327,0.0117009613666667
"CO03W054","AA","IWA4095","2B",696677327,0.0127459395666667
"CO04025","AA","IWA4095","2B",696677327,0.0151328984333333
"CO04393","AA","IWA4095","2B",696677327,0.0100462549333333
"CO04499","AA","IWA4095","2B",696677327,0.0155167912
"LAMAR","AA","IWA4095","2B",696677327,0.00921605553333333
"CARSON","AA","IWA4095","2B",696677327,0.0148942077666667
"AVALANCHE","AA","IWA4095","2B",696677327,0.0127227222
"HALT","AA","IWA4095","2B",696677327,0.0144178984333333
"HATCHER","AA","IWA4095","2B",696677327,0.0114567123
"PRAIRIE_RED","AA","IWA4095","2B",696677327,0.0128359395666667
"YUMAR","AA","IWA4095","2B",696677327,0.0141500091
"SHOCKER","AA","IWA4095","2B",696677327,0.0164530868333333
"CO03064","AA","IWA4095","2B",696677327,0.0153897936666667
"BILL_BROWN","AA","IWA4095","2B",696677327,0.0142443593333333
"RIPPER","AA","IWA4095","2B",696677327,0.0195410394666667
"TARKIO","AA","IWA4095","2B",696677327,0.00824472346666667
"YUMA","AA","IWA4095","2B",696677327,0.0146248301666667
"JULES","AA","IWA4095","2B",696677327,0.0129341734333333
"LOCKETT","AA","IWA4095","2B",696677327,0.0155156354666667
"TAM302","AA","IWA4095","2B",696677327,0.0072065286
"TAM303","AA","IWA4095","2B",696677327,0.0131581781333333
"CAPROCK","BB","IWA4095","2B",696677327,0.0175364496333333
"TAM200","AA","IWA4095","2B",696677327,0.0114164968333333
"TAM112","AA","IWA4095","2B",696677327,0.0188189923
"TAM401","AA","IWA4095","2B",696677327,0.0220948481333333
"TAMW_101","BB","IWA4095","2B",696677327,0.0228390574333333
"TX01A5936","AA","IWA4095","2B",696677327,0.0130582032666667
"TAM105","AA","IWA4095","2B",696677327,0.0175751312333333
"TX86A8072","AA","IWA4095","2B",696677327,0.0132133454333333
"TAM304","AA","IWA4095","2B",696677327,0.0192839859333333
"TAM202","AA","IWA4095","2B",696677327,0.0106959117333333
"STURDY","BB","IWA4095","2B",696677327,0.0189375543
"TX86A5606","AA","IWA4095","2B",696677327,0.0160057493
"TX03A0563","AA","IWA4095","2B",696677327,0.0103578301333333
"TX03A0148","AA","IWA4095","2B",696677327,0.0136075543
"TX02A0252","AA","IWA4095","2B",696677327,0.0125568069666667
"TX04V075080","AA","IWA4095","2B",696677327,0.01598515
"TX04M410211","AA","IWA4095","2B",696677327,0.0132256071333333
"MIT","BB","IWA4095","2B",696677327,0.0253556208333333
"STURDY_2K","BB","IWA4095","2B",696677327,0.0289403833333333
"2180","BB","IWA4095","2B",696677327,0.0115986158333333
"TAM107","AA","IWA4095","2B",696677327,0.0146417636333333
"HG_9","AA","IWA4095","2B",696677327,0.0156874614666667
"TX96D1073","AA","IWA4095","2B",696677327,0.0140601779333333
"TX99A0153_1","AA","IWA4095","2B",696677327,0.0134566307666667
"TX04M410164","AA","IWA4095","2B",696677327,0.01569015
"TAM111","AA","IWA4095","2B",696677327,0.0205842450666667
"TX00V1131","AA","IWA4095","2B",696677327,0.0082444968
"TX01M5009_28","AA","IWA4095","2B",696677327,0.0151506208333333
"TX04A001246","AA","IWA4095","2B",696677327,0.0089581403
"TAM110","AA","IWA4095","2B",696677327,0.0154210163
"TAM109","BB","IWA4095","2B",696677327,0.0178064603333333
"TX01V5134RC_3","AA","IWA4095","2B",696677327,0.0146292552333333
"TX99U8618","AA","IWA4095","2B",696677327,0.0153533236333333
"HUME","AA","IWA4095","2B",696677327,0.0135439521333333
"2174_05","AA","IWA4095","2B",696677327,0.0151039817
"CREST","AA","IWA4095","2B",696677327,0.008568639
"ROSEBUD","BB","IWA4095","2B",696677327,0.0118149251666667
"DECADE","AA","IWA4095","2B",696677327,0.0119523228333333
"MT06103","AA","IWA4095","2B",696677327,0.0142942817
"TX06A001263","AA","IWA4095","2B",696677327,0.0141517024333333
"TX05A001822","AA","IWA4095","2B",696677327,0.0150253158666667
"TX06A001132","AA","IWA4095","2B",696677327,0.0153957867
"TX06A001281","AA","IWA4095","2B",696677327,0.0124941063
"TX05V7259","AA","IWA4095","2B",696677327,0.0179882821666667
"TX07A001279","AA","IWA4095","2B",696677327,0.0114040682
"TX07A001318","AA","IWA4095","2B",696677327,0.0166019578666667
"TX07A001420","AA","IWA4095","2B",696677327,0.0161674015333333
"TX06V7266","AA","IWA4095","2B",696677327,0.0132902777333333
"OK1067071","AA","IWA4095","2B",696677327,0.0126093487333333
"OK1067274","BB","IWA4095","2B",696677327,0.0135040965333333
"OK1068009","AA","IWA4095","2B",696677327,0.0119993829666667
"OK1068026","AA","IWA4095","2B",696677327,0.0284707486
"OK1068112","AA","IWA4095","2B",696677327,0.0148510496333333
"OK1070275","BB","IWA4095","2B",696677327,0.0128123787333333
"OK1070267","AA","IWA4095","2B",696677327,0.0101132440666667
"OK09634","AA","IWA4095","2B",696677327,0.0133674470333333
"OK07231","AA","IWA4095","2B",696677327,0.0089099444
"OK07S117","BB","IWA4095","2B",696677327,0.00643242516666667
"OK08328","AA","IWA4095","2B",696677327,0.0154223787333333
"TX06A001386","AA","IWA4095","2B",696677327,0.0148933473
"LAKIN","AA","IWA4095","2B",696677327,0.00863510546666667
"OVERLEY","AA","IWA4095","2B",696677327,0.0166641346666667
"BIG_SKY","AA","IWA4095","2B",696677327,0.0108640965333333
"MT0495","AA","IWA4095","2B",696677327,0.0103085112666667
"MT85200","AA","IWA4095","2B",696677327,0.0152977307666667
"ALLIANCE","AA","IWA4095","2B",696677327,0.0151514799
"MTS0531","BB","IWA4095","2B",696677327,0.0106924297
"FULLER","AA","IWA4095","2B",696677327,0.0109791200333333
"NUSKY","AA","IWA4095","2B",696677327,0.00747772653333333
"GENOU","AA","IWA4095","2B",696677327,0.011084111
"COUGAR","AA","IWA4095","2B",696677327,0.0143184841333333
"YELLOWSTONE","AA","IWA4095","2B",696677327,0.0144053056666667
"MT9982","AA","IWA4095","2B",696677327,0.0158133236333333
"EXPEDITION","AA","IWA4095","2B",696677327,0.0176998614666667
"JUDEE","AA","IWA4095","2B",696677327,0.0102233966
"MT9904","AA","IWA4095","2B",696677327,0.0138176965
"NUPLAINS","AA","IWA4095","2B",696677327,0.00964534456666667
"OK102","AA","IWA4095","2B",696677327,0.0129765677
"NORRIS","AA","IWA4095","2B",696677327,0.0138867729666667
"DUKE","AA","IWA4095","2B",696677327,0.0163645747666667
"JUDITH","AA","IWA4095","2B",696677327,0.0104902922
"SD05210","AA","IWA4095","2B",696677327,0.0112565513
"NEWTON","AA","IWA4095","2B",696677327,0.0140964289
"PARKER","AA","IWA4095","2B",696677327,0.0139880955666667
"LARNED","AA","IWA4095","2B",696677327,0.00895661503333333
"KAW61","BB","IWA4095","2B",696677327,0.0196450632666667
"STANTON","AA","IWA4095","2B",696677327,0.0154792913666667
"PARKER76","AA","IWA4095","2B",696677327,0.0153131273
"TASCOSA","AA","IWA4095","2B",696677327,0.013526887
"TREGO","AA","IWA4095","2B",696677327,0.0120157721333333
"KIRWIN","AA","IWA4095","2B",696677327,0.0171022577
"BISON","AA","IWA4095","2B",696677327,0.0160250926
"KARL_92","AA","IWA4095","2B",696677327,0.0110458438
"SAGE","AA","IWA4095","2B",696677327,0.0127333623333333
"KIOWA","AA","IWA4095","2B",696677327,0.0129685305
"DODGE","AA","IWA4095","2B",696677327,0.0117393724333333
"TRISON","AA","IWA4095","2B",696677327,0.0112214435
"COMANCHE","AA","IWA4095","2B",696677327,0.0160499267666667
"NORKAN","AA","IWA4095","2B",696677327,0.0124463923666667
"EAGLE","AA","IWA4095","2B",696677327,0.0119597768333333
"CHENEY","AA","IWA4095","2B",696677327,0.0136714151666667
"SHAWNEE","BB","IWA4095","2B",696677327,0.0132973446333333
"HEYNE","AA","IWA4095","2B",696677327,0.0137424168666667
"2145","AA","IWA4095","2B",696677327,0.0162541518
"BAKERS_WHITE","AA","IWA4095","2B",696677327,0.0136099049666667
"BURCHETT","AA","IWA4095","2B",696677327,0.0147723078666667
"CO940610","BB","IWA4095","2B",696677327,0.0102330868333333
"COSSACK","AA","IWA4095","2B",696677327,0.0215424851333333
"CUTTER","AA","IWA4095","2B",696677327,0.0120948398333333
"DUMAS","AA","IWA4095","2B",696677327,0.0169076111666667
"ENHANCER","AA","IWA4095","2B",696677327,0.0176769728333333
"HONDO","AA","IWA4095","2B",696677327,0.00807620686666667
"JAGALENE","AA","IWA4095","2B",696677327,0.0149376454333333
"KEOTA","AA","IWA4095","2B",696677327,0.0127484633
"KS00F5_20_3","AA","IWA4095","2B",696677327,0.0101932821666667
"LONGHORN","AA","IWA4095","2B",696677327,0.0122784259333333
"NEOSHO","AA","IWA4095","2B",696677327,0.0138583543
"NUHORIZON","AA","IWA4095","2B",696677327,0.0113306777
"OGALLALA","AA","IWA4095","2B",696677327,0.0103702068666667
"ONAGA","BB","IWA4095","2B",696677327,0.0163118638333333
"RONL","AA","IWA4095","2B",696677327,0.0104360877666667
"SANTA_FE","AA","IWA4095","2B",696677327,0.00914532933333333
"SETTLER_CL","AA","IWA4095","2B",696677327,0.0149361970333333
"THUNDER_CL","AA","IWA4095","2B",696677327,0.0121850091
"THUNDERBOLT","AA","IWA4095","2B",696677327,0.0112573761333333
"VENANGO","AA","IWA4095","2B",696677327,0.0147536626666667
"W04_417","AA","IWA4095","2B",696677327,0.0127149267666667
"WB411W","AA","IWA4095","2B",696677327,0.00936777296666667
"AKRON","AA","IWA2379","2B",701097263,0.0110857459
"CAMELOT","AA","IWA2379","2B",701097263,0.0147623685666667
"CO04W320","AA","IWA2379","2B",701097263,0.0087907269
"LINDON","AA","IWA2379","2B",701097263,0.0133619791
"MILLENNIUM","AA","IWA2379","2B",701097263,0.00958821483333333
"NUFRONTIER","AA","IWA2379","2B",701097263,0.00716537613333333
"OK_RISING","AA","IWA2379","2B",701097263,0.0159196088333333
"OK10119","AA","IWA2379","2B",701097263,0.0119136014
"OK1068002","AA","IWA2379","2B",701097263,0.0112068301666667
"OVERLAND","AA","IWA2379","2B",701097263,0.010253859
"PETE","AA","IWA2379","2B",701097263,0.0156904133333333
"POSTROCK","AA","IWA2379","2B",701097263,0.015252359
"GALLAGHER","AA","IWA2379","2B",701097263,0.00821597586666667
"CENTURA","AA","IWA2379","2B",701097263,0.0136232148333333
"REDLAND","AA","IWA2379","2B",701097263,0.011363859
"TAM107_R7","AA","IWA2379","2B",701097263,0.0167403282666667
"TAM203","AA","IWA2379","2B",701097263,0.0122081781333333
"TAM400","AA","IWA2379","2B",701097263,0.014752251
"TX86A6880","AA","IWA2379","2B",701097263,0.016564111
"MT9513","AA","IWA2379","2B",701097263,0.00901759183333333
"TX05V7269","AA","IWA2379","2B",701097263,0.0117810535
"TX05A001188","AA","IWA2379","2B",701097263,0.0126268682666667
"BILLINGS","BB","IWA2379","2B",701097263,0.00972236783333333
"DANBY","AA","IWA2379","2B",701097263,0.0115016643333333
"E2041","BB","IWA2379","2B",701097263,0.018158723
"DENALI","AA","IWA2379","2B",701097263,0.0149453180333333
"CO050337_2","AA","IWA2379","2B",701097263,0.0168402238333333
"BYRD","AA","IWA2379","2B",701097263,0.0162621840666667
"CO07W245","AA","IWA2379","2B",701097263,0.0148021706
"MCGILL","AA","IWA2379","2B",701097263,0.0115996091666667
"NE02558","AA","IWA2379","2B",701097263,0.0127218035666667
"NW03666","AA","IWA2379","2B",701097263,0.0117993398666667
"NE04490","AA","IWA2379","2B",701097263,0.0132209382666667
"NE05430","AA","IWA2379","2B",701097263,0.0199242943666667
"NE05496","AA","IWA2379","2B",701097263,0.0137170563333333
"NE05548","AA","IWA2379","2B",701097263,0.00980265606666667
"NE06545","AA","IWA2379","2B",701097263,0.0175836513666667
"NE06607","AA","IWA2379","2B",701097263,0.0124576414333333
"ROBIDOUX","AA","IWA2379","2B",701097263,0.0115504942333333
"NI06736","AA","IWA2379","2B",701097263,0.00950290823333333
"NI06737","AA","IWA2379","2B",701097263,0.0098718687
"NI07703","AA","IWA2379","2B",701097263,0.0136879425
"NI08707","AA","IWA2379","2B",701097263,0.0135918035666667
"NI08708","AA","IWA2379","2B",701097263,0.0124805039333333
"BRONZE","AA","IWA2379","2B",701097263,0.01056979
"NELL","AA","IWA2379","2B",701097263,0.0120090390666667
"WINOKA","AA","IWA2379","2B",701097263,0.0103350910333333
"ENDURANCE","BB","IWA2379","2B",701097263,0.0131689817
"AGATE","AA","IWA2379","2B",701097263,0.00722604556666667
"CENTERFIELD","AA","IWA2379","2B",701097263,0.0151547964666667
"CENTURK78","AA","IWA2379","2B",701097263,0.015509077
"COLT","AA","IWA2379","2B",701097263,0.0170073452
"SCOUT66","AA","IWA2379","2B",701097263,0.0102790583666667
"OK05303","AA","IWA2379","2B",701097263,0.00950987886666667
"OK05312","AA","IWA2379","2B",701097263,0.0118049020333333
"OK05134","AA","IWA2379","2B",701097263,0.0169365552
"OK05526","AA","IWA2379","2B",701097263,0.0140163693
"OK05830","BB","IWA2379","2B",701097263,0.0126061882
"OK04507","AA","IWA2379","2B",701097263,0.0146096084666667
"PRONGHORN","AA","IWA2379","2B",701097263,0.0122170981666667
"HALLAM","AA","IWA2379","2B",701097263,0.0125460358666667
"ROSE","AA","IWA2379","2B",701097263,0.0102395692666667
"DAWN","AA","IWA2379","2B",701097263,0.0103198711666667
"OK05511","AA","IWA2379","2B",701097263,0.0119169895666667
"CRIMSON","AA","IWA2379","2B",701097263,0.0105319721666667
"TANDEM","AA","IWA2379","2B",701097263,0.0111037071
"GUYMON","AA","IWA2379","2B",701097263,0.0109996306333333
"DUSTER","AA","IWA2379","2B",701097263,0.00931304823333333
"OK05711W","AA","IWA2379","2B",701097263,0.0075657245
"OK02405","AA","IWA2379","2B",701097263,0.0153687295333333
"GARRISON","AA","IWA2379","2B",701097263,0.0100736927333333
"OK05723W","AA","IWA2379","2B",701097263,0.00631160846666667
"OK05122","AA","IWA2379","2B",701097263,0.0102545866666667
"SD05118","AA","IWA2379","2B",701097263,0.0134280902333333
"SD05W018","AA","IWA2379","2B",701097263,0.0117593055
"OK04505","AA","IWA2379","2B",701097263,0.0130828770333333
"OK04525","AA","IWA2379","2B",701097263,0.0161249242
"OK04415","AA","IWA2379","2B",701097263,0.0136931076333333
"OK04111","AA","IWA2379","2B",701097263,0.0136248885333333
"TURKEY_NEBSEL","BB","IWA2379","2B",701097263,0.0102131501333333
"CENTURY","AA","IWA2379","2B",701097263,0.00854874666666667
"CUSTER","AA","IWA2379","2B",701097263,0.0144356826333333
"CHEYENNE","AA","IWA2379","2B",701097263,0.0097665164
"WENDY","AA","IWA2379","2B",701097263,0.0140697569
"HARDING","AA","IWA2379","2B",701097263,0.0146443191333333
"TRIUMPH64","AA","IWA2379","2B",701097263,0.0142062973
"CHISHOLM","AA","IWA2379","2B",701097263,0.0168045437
"OK06318","AA","IWA2379","2B",701097263,0.0116670123333333
"OK06336","AA","IWA2379","2B",701097263,0.0191772928666667
"DARRELL","AA","IWA2379","2B",701097263,0.0115348614666667
"GENT","AA","IWA2379","2B",701097263,0.0115043326333333
"OK06210","AA","IWA2379","2B",701097263,0.0142387073333333
"OK06319","AA","IWA2379","2B",701097263,0.0198770123333333
"KHARKOF","AA","IWA2379","2B",701097263,0.00704686436666667
"CULVER","AA","IWA2379","2B",701097263,0.013659193
"ANTELOPE","AA","IWA2379","2B",701097263,0.0111962141333333
"BUCKSKIN","AA","IWA2379","2B",701097263,0.00897150266666667
"NIOBRARA","AA","IWA2379","2B",701097263,0.0099078637
"DELIVER","AA","IWA2379","2B",701097263,0.00902524406666667
"OK_BULLET","AA","IWA2379","2B",701097263,0.0190303450666667
"INTRADA","AA","IWA2379","2B",701097263,0.0130497248333333
"OK101","AA","IWA2379","2B",701097263,0.0164740159666667
"LANCER","BB","IWA2379","2B",701097263,0.0083793917
"WICHITA","AA","IWA2379","2B",701097263,0.0207488701666667
"WARRIOR","AA","IWA2379","2B",701097263,0.00981478253333333
"MACE","AA","IWA2379","2B",701097263,0.0152720233
"HARRY","AA","IWA2379","2B",701097263,0.0110110590333333
"VISTA","BB","IWA2379","2B",701097263,0.0142512142
"JERRY","AA","IWA2379","2B",701097263,0.00796627546666667
"GOODSTREAK","AA","IWA2379","2B",701097263,0.0148590988
"ARLIN","AA","IWA2379","2B",701097263,0.0107789764
"GAGE","BB","IWA2379","2B",701097263,0.0100125979666667
"WINDSTAR","AA","IWA2379","2B",701097263,0.017592264
"NE99495","AA","IWA2379","2B",701097263,0.0104944792333333
"RAWHIDE","AA","IWA2379","2B",701097263,0.0133040449
"JAGGER","AA","IWA2379","2B",701097263,0.0124737648333333
"BENNETT","AA","IWA2379","2B",701097263,0.0123917832
"LYMAN","AA","IWA2379","2B",701097263,0.00970727546666667
"SD01058","AA","IWA2379","2B",701097263,0.0131445910666667
"SD01237","AA","IWA2379","2B",701097263,0.0119113519333333
"WAHOO","AA","IWA2379","2B",701097263,0.0115078353666667
"WESLEY","AA","IWA2379","2B",701097263,0.0169428491
"ALICE","AA","IWA2379","2B",701097263,0.0115095041333333
"ARAPAHOE","AA","IWA2379","2B",701097263,0.0127017832
"NEKOTA","AA","IWA2379","2B",701097263,0.0156236616
"ANTON","AA","IWA2379","2B",701097263,0.0116270086666667
"HOMESTEAD","AA","IWA2379","2B",701097263,0.0115931693333333
"OK05204","AA","IWA2379","2B",701097263,0.0144639937666667
"INFINITY_CL","AA","IWA2379","2B",701097263,0.010659193
"OK06114","BB","IWA2379","2B",701097263,0.0148136927333333
"SIOUXLAND","AA","IWA2379","2B",701097263,0.0134147825333333
"OK05108","AA","IWA2379","2B",701097263,0.0159645866666667
"RITA","AA","IWA2379","2B",701097263,0.0073871096
"G1878","AA","IWA2379","2B",701097263,0.0106190390666667
"HV9W03_1379R","AA","IWA2379","2B",701097263,0.0126856839333333
"HV9W03_1551WP","BB","IWA2379","2B",701097263,0.0169481379333333
"SPARTAN","BB","IWA2379","2B",701097263,0.0169092049
"HV906_865","BB","IWA2379","2B",701097263,0.0106493326333333
"PROWERS","AA","IWA2379","2B",701097263,0.00935481643333333
"HV9W03_1596R","AA","IWA2379","2B",701097263,0.0129956839333333
"HV9W05_1280R","BB","IWA2379","2B",701097263,0.0128498217666667
"HV9W06_504","AA","IWA2379","2B",701097263,0.0169043094666667
"SMOKYHILL","AA","IWA2379","2B",701097263,0.0108674665666667
"ABOVE","AA","IWA2379","2B",701097263,0.0125302155333333
"VONA","AA","IWA2379","2B",701097263,0.0146550910333333
"SANDY","AA","IWA2379","2B",701097263,0.0090745411
"HAIL","AA","IWA2379","2B",701097263,0.0095411272
"BOND_CL","AA","IWA2379","2B",701097263,0.0121550774
"PLATTE","AA","IWA2379","2B",701097263,0.01432868
"CO03W043","AA","IWA2379","2B",701097263,0.0117009613666667
"CO03W054","AA","IWA2379","2B",701097263,0.0127459395666667
"CO04025","AA","IWA2379","2B",701097263,0.0151328984333333
"CO04393","AA","IWA2379","2B",701097263,0.0100462549333333
"CO04499","AA","IWA2379","2B",701097263,0.0155167912
"LAMAR","AA","IWA2379","2B",701097263,0.00921605553333333
"CARSON","AA","IWA2379","2B",701097263,0.0148942077666667
"AVALANCHE","AA","IWA2379","2B",701097263,0.0127227222
"HALT","AA","IWA2379","2B",701097263,0.0144178984333333
"HATCHER","AA","IWA2379","2B",701097263,0.0114567123
"PRAIRIE_RED","AA","IWA2379","2B",701097263,0.0128359395666667
"YUMAR","AA","IWA2379","2B",701097263,0.0141500091
"SHOCKER","AA","IWA2379","2B",701097263,0.0164530868333333
"CO03064","AA","IWA2379","2B",701097263,0.0153897936666667
"BILL_BROWN","AA","IWA2379","2B",701097263,0.0142443593333333
"RIPPER","AA","IWA2379","2B",701097263,0.0195410394666667
"TARKIO","AA","IWA2379","2B",701097263,0.00824472346666667
"YUMA","AA","IWA2379","2B",701097263,0.0146248301666667
"JULES","AA","IWA2379","2B",701097263,0.0129341734333333
"LOCKETT","AA","IWA2379","2B",701097263,0.0155156354666667
"TAM302","AA","IWA2379","2B",701097263,0.0072065286
"TAM303","AA","IWA2379","2B",701097263,0.0131581781333333
"CAPROCK","BB","IWA2379","2B",701097263,0.0175364496333333
"TAM200","AA","IWA2379","2B",701097263,0.0114164968333333
"TAM112","AA","IWA2379","2B",701097263,0.0188189923
"TAM401","AA","IWA2379","2B",701097263,0.0220948481333333
"TAMW_101","BB","IWA2379","2B",701097263,0.0228390574333333
"TX01A5936","AA","IWA2379","2B",701097263,0.0130582032666667
"TAM105","AA","IWA2379","2B",701097263,0.0175751312333333
"TX86A8072","AA","IWA2379","2B",701097263,0.0132133454333333
"TAM304","AA","IWA2379","2B",701097263,0.0192839859333333
"TAM202","AA","IWA2379","2B",701097263,0.0106959117333333
"STURDY","BB","IWA2379","2B",701097263,0.0189375543
"TX86A5606","AA","IWA2379","2B",701097263,0.0160057493
"TX03A0563","AA","IWA2379","2B",701097263,0.0103578301333333
"TX03A0148","BB","IWA2379","2B",701097263,0.0136075543
"TX02A0252","AA","IWA2379","2B",701097263,0.0125568069666667
"TX04V075080","AA","IWA2379","2B",701097263,0.01598515
"TX04M410211","AA","IWA2379","2B",701097263,0.0132256071333333
"MIT","BB","IWA2379","2B",701097263,0.0253556208333333
"STURDY_2K","BB","IWA2379","2B",701097263,0.0289403833333333
"2180","BB","IWA2379","2B",701097263,0.0115986158333333
"TAM107","AA","IWA2379","2B",701097263,0.0146417636333333
"HG_9","AA","IWA2379","2B",701097263,0.0156874614666667
"TX96D1073","AA","IWA2379","2B",701097263,0.0140601779333333
"TX99A0153_1","AA","IWA2379","2B",701097263,0.0134566307666667
"TX04M410164","AA","IWA2379","2B",701097263,0.01569015
"TAM111","AA","IWA2379","2B",701097263,0.0205842450666667
"TX00V1131","AA","IWA2379","2B",701097263,0.0082444968
"TX01M5009_28","AA","IWA2379","2B",701097263,0.0151506208333333
"TX04A001246","AA","IWA2379","2B",701097263,0.0089581403
"TAM110","AA","IWA2379","2B",701097263,0.0154210163
"TAM109","BB","IWA2379","2B",701097263,0.0178064603333333
"TX01V5134RC_3","AA","IWA2379","2B",701097263,0.0146292552333333
"TX99U8618","AA","IWA2379","2B",701097263,0.0153533236333333
"HUME","AA","IWA2379","2B",701097263,0.0135439521333333
"2174_05","AA","IWA2379","2B",701097263,0.0151039817
"CREST","AA","IWA2379","2B",701097263,0.008568639
"ROSEBUD","BB","IWA2379","2B",701097263,0.0118149251666667
"DECADE","AA","IWA2379","2B",701097263,0.0119523228333333
"MT06103","AA","IWA2379","2B",701097263,0.0142942817
"TX06A001263","BB","IWA2379","2B",701097263,0.0141517024333333
"TX05A001822","AA","IWA2379","2B",701097263,0.0150253158666667
"TX06A001132","AA","IWA2379","2B",701097263,0.0153957867
"TX06A001281","AA","IWA2379","2B",701097263,0.0124941063
"TX05V7259","AA","IWA2379","2B",701097263,0.0179882821666667
"TX07A001279","AA","IWA2379","2B",701097263,0.0114040682
"TX07A001318","AA","IWA2379","2B",701097263,0.0166019578666667
"TX07A001420","AA","IWA2379","2B",701097263,0.0161674015333333
"TX06V7266","BB","IWA2379","2B",701097263,0.0132902777333333
"OK1067071","AA","IWA2379","2B",701097263,0.0126093487333333
"OK1067274","BB","IWA2379","2B",701097263,0.0135040965333333
"OK1068009","AA","IWA2379","2B",701097263,0.0119993829666667
"OK1068026","AA","IWA2379","2B",701097263,0.0284707486
"OK1068112","AA","IWA2379","2B",701097263,0.0148510496333333
"OK1070275","BB","IWA2379","2B",701097263,0.0128123787333333
"OK1070267","BB","IWA2379","2B",701097263,0.0101132440666667
"OK09634","BB","IWA2379","2B",701097263,0.0133674470333333
"OK07231","AA","IWA2379","2B",701097263,0.0089099444
"OK07S117","AA","IWA2379","2B",701097263,0.00643242516666667
"OK08328","BB","IWA2379","2B",701097263,0.0154223787333333
"TX06A001386","BB","IWA2379","2B",701097263,0.0148933473
"LAKIN","BB","IWA2379","2B",701097263,0.00863510546666667
"OVERLEY","AA","IWA2379","2B",701097263,0.0166641346666667
"BIG_SKY","AA","IWA2379","2B",701097263,0.0108640965333333
"MT0495","AA","IWA2379","2B",701097263,0.0103085112666667
"MT85200","AA","IWA2379","2B",701097263,0.0152977307666667
"ALLIANCE","AA","IWA2379","2B",701097263,0.0151514799
"MTS0531","BB","IWA2379","2B",701097263,0.0106924297
"FULLER","AA","IWA2379","2B",701097263,0.0109791200333333
"NUSKY","AA","IWA2379","2B",701097263,0.00747772653333333
"GENOU","AA","IWA2379","2B",701097263,0.011084111
"COUGAR","AA","IWA2379","2B",701097263,0.0143184841333333
"YELLOWSTONE","AA","IWA2379","2B",701097263,0.0144053056666667
"MT9982","AA","IWA2379","2B",701097263,0.0158133236333333
"EXPEDITION","AA","IWA2379","2B",701097263,0.0176998614666667
"JUDEE","AA","IWA2379","2B",701097263,0.0102233966
"MT9904","AA","IWA2379","2B",701097263,0.0138176965
"NUPLAINS","AA","IWA2379","2B",701097263,0.00964534456666667
"OK102","AA","IWA2379","2B",701097263,0.0129765677
"NORRIS","AA","IWA2379","2B",701097263,0.0138867729666667
"DUKE","AA","IWA2379","2B",701097263,0.0163645747666667
"JUDITH","AA","IWA2379","2B",701097263,0.0104902922
"SD05210","AA","IWA2379","2B",701097263,0.0112565513
"NEWTON","AA","IWA2379","2B",701097263,0.0140964289
"PARKER","AA","IWA2379","2B",701097263,0.0139880955666667
"LARNED","AA","IWA2379","2B",701097263,0.00895661503333333
"KAW61","BB","IWA2379","2B",701097263,0.0196450632666667
"STANTON","AA","IWA2379","2B",701097263,0.0154792913666667
"PARKER76","AA","IWA2379","2B",701097263,0.0153131273
"TASCOSA","AA","IWA2379","2B",701097263,0.013526887
"TREGO","AA","IWA2379","2B",701097263,0.0120157721333333
"KIRWIN","AA","IWA2379","2B",701097263,0.0171022577
"BISON","AA","IWA2379","2B",701097263,0.0160250926
"KARL_92","AA","IWA2379","2B",701097263,0.0110458438
"SAGE","AA","IWA2379","2B",701097263,0.0127333623333333
"KIOWA","AA","IWA2379","2B",701097263,0.0129685305
"DODGE","AA","IWA2379","2B",701097263,0.0117393724333333
"TRISON","AA","IWA2379","2B",701097263,0.0112214435
"COMANCHE","AA","IWA2379","2B",701097263,0.0160499267666667
"NORKAN","BB","IWA2379","2B",701097263,0.0124463923666667
"EAGLE","AA","IWA2379","2B",701097263,0.0119597768333333
"CHENEY","AA","IWA2379","2B",701097263,0.0136714151666667
"SHAWNEE","BB","IWA2379","2B",701097263,0.0132973446333333
"HEYNE","AA","IWA2379","2B",701097263,0.0137424168666667
"2145","AA","IWA2379","2B",701097263,0.0162541518
"BAKERS_WHITE","AA","IWA2379","2B",701097263,0.0136099049666667
"BURCHETT","BB","IWA2379","2B",701097263,0.0147723078666667
"CO940610","BB","IWA2379","2B",701097263,0.0102330868333333
"COSSACK","AA","IWA2379","2B",701097263,0.0215424851333333
"CUTTER","AA","IWA2379","2B",701097263,0.0120948398333333
"DUMAS","AA","IWA2379","2B",701097263,0.0169076111666667
"ENHANCER","AA","IWA2379","2B",701097263,0.0176769728333333
"HONDO","AA","IWA2379","2B",701097263,0.00807620686666667
"JAGALENE","AA","IWA2379","2B",701097263,0.0149376454333333
"KEOTA","AA","IWA2379","2B",701097263,0.0127484633
"KS00F5_20_3","AA","IWA2379","2B",701097263,0.0101932821666667
"LONGHORN","AA","IWA2379","2B",701097263,0.0122784259333333
"NEOSHO","AA","IWA2379","2B",701097263,0.0138583543
"NUHORIZON","AA","IWA2379","2B",701097263,0.0113306777
"OGALLALA","AA","IWA2379","2B",701097263,0.0103702068666667
"ONAGA","BB","IWA2379","2B",701097263,0.0163118638333333
"RONL","AA","IWA2379","2B",701097263,0.0104360877666667
"SANTA_FE","AA","IWA2379","2B",701097263,0.00914532933333333
"SETTLER_CL","AA","IWA2379","2B",701097263,0.0149361970333333
"THUNDER_CL","AA","IWA2379","2B",701097263,0.0121850091
"THUNDERBOLT","AA","IWA2379","2B",701097263,0.0112573761333333
"VENANGO","AA","IWA2379","2B",701097263,0.0147536626666667
"W04_417","AA","IWA2379","2B",701097263,0.0127149267666667
"WB411W","AA","IWA2379","2B",701097263,0.00936777296666667
