genotypes,marker,chr,allele,phenotype
AKRON,Kukri_c29560_455,5A,BB,0.012972377
CAMELOT,Kukri_c29560_455,5A,BB,0.013271057
CO04W320,Kukri_c29560_455,5A,AA,0.014201807
LINDON,Kukri_c29560_455,5A,BB,0.015859373
MILLENNIUM,Kukri_c29560_455,5A,AA,0.012246445
NUFRONTIER,Kukri_c29560_455,5A,AA,0.013121284
OK_RISING,Kukri_c29560_455,5A,AA,0.014688265
OK10119,Kukri_c29560_455,5A,AA,0.010008042
OK1068002,Kukri_c29560_455,5A,AA,0.014804905
OVERLAND,Kukri_c29560_455,5A,AA,0.01101577
PETE,Kukri_c29560_455,5A,BB,0.0143124
POSTROCK,Kukri_c29560_455,5A,AA,0.01377077
GALLAGHER,Kukri_c29560_455,5A,AA,0.012999276
CENTURA,Kukri_c29560_455,5A,BB,0.016696445
REDLAND,Kukri_c29560_455,5A,AA,0.00811577
TAM107_R7,Kukri_c29560_455,5A,AA,0.011909848
TAM203,Kukri_c29560_455,5A,NA,0.013645344
TAM400,Kukri_c29560_455,5A,AA,0.01506753
TX86A6880,Kukri_c29560_455,5A,AA,0.01262333
MT9513,Kukri_c29560_455,5A,AA,0.012997755
TX05V7269,Kukri_c29560_455,5A,BB,0.011531605
TX05A001188,Kukri_c29560_455,5A,AA,0.012106048
BILLINGS,Kukri_c29560_455,5A,AA,0.008461035
DANBY,Kukri_c29560_455,5A,AA,0.01224993
E2041,Kukri_c29560_455,5A,BB,0.01826169
DENALI,Kukri_c29560_455,5A,BB,0.016059541
CO050337_2,Kukri_c29560_455,5A,BB,0.011806715
BYRD,Kukri_c29560_455,5A,AA,0.016665522
CO07W245,Kukri_c29560_455,5A,BB,0.015565118
MCGILL,Kukri_c29560_455,5A,AA,0.013388275
NE02558,Kukri_c29560_455,5A,AA,0.012654107
NW03666,Kukri_c29560_455,5A,AA,0.012380196
NE04490,Kukri_c29560_455,5A,AA,0.011928148
NE05430,Kukri_c29560_455,5A,BB,0.020328831
NE05496,Kukri_c29560_455,5A,AA,0.01601169
NE05548,Kukri_c29560_455,5A,AA,0.011379682
NE06545,Kukri_c29560_455,5A,BB,0.013509541
NE06607,Kukri_c29560_455,5A,AA,0.013729243
ROBIDOUX,Kukri_c29560_455,5A,AA,0.010614827
NI06736,Kukri_c29560_455,5A,AA,0.012787247
NI06737,Kukri_c29560_455,5A,AA,0.011256061
NI07703,Kukri_c29560_455,5A,AA,0.010138275
NI08707,Kukri_c29560_455,5A,AA,0.018254107
NI08708,Kukri_c29560_455,5A,BB,0.012815118
BRONZE,Kukri_c29560_455,5A,BB,0.0177937
NELL,Kukri_c29560_455,5A,AA,0.015671172
WINOKA,Kukri_c29560_455,5A,BB,0.018152731
ENDURANCE,Kukri_c29560_455,5A,AA,0.019369451
AGATE,Kukri_c29560_455,5A,AA,0.011331367
CENTERFIELD,Kukri_c29560_455,5A,BB,0.011043894
CENTURK78,Kukri_c29560_455,5A,BB,0.01437231
COLT,Kukri_c29560_455,5A,AA,0.013120356
SCOUT66,Kukri_c29560_455,5A,AA,0.011771751
OK05303,Kukri_c29560_455,5A,BB,0.012796366
OK05312,Kukri_c29560_455,5A,AA,0.010947061
OK05134,Kukri_c29560_455,5A,NA,0.012396656
OK05526,Kukri_c29560_455,5A,BB,0.009791079
OK05830,Kukri_c29560_455,5A,AA,0.010785646
OK04507,Kukri_c29560_455,5A,BB,0.010788254
PRONGHORN,Kukri_c29560_455,5A,AA,0.012512945
HALLAM,Kukri_c29560_455,5A,AA,0.018081076
ROSE,Kukri_c29560_455,5A,AA,0.011987078
DAWN,Kukri_c29560_455,5A,AA,0.015096135
OK05511,Kukri_c29560_455,5A,AA,0.013409687
CRIMSON,Kukri_c29560_455,5A,AA,0.012359165
TANDEM,Kukri_c29560_455,5A,AA,0.012511213
GUYMON,Kukri_c29560_455,5A,AA,0.010488919
DUSTER,Kukri_c29560_455,5A,AA,0.014111447
OK05711W,Kukri_c29560_455,5A,AA,0.012461735
OK02405,Kukri_c29560_455,5A,AA,0.010661886
GARRISON,Kukri_c29560_455,5A,BB,0.014110782
OK05723W,Kukri_c29560_455,5A,AA,0.012938254
OK05122,Kukri_c29560_455,5A,AA,0.0102376
SD05118,Kukri_c29560_455,5A,BB,0.018542707
SD05W018,Kukri_c29560_455,5A,AA,0.012359165
OK04505,Kukri_c29560_455,5A,AA,0.014186311
OK04525,Kukri_c29560_455,5A,BB,0.014147726
OK04415,Kukri_c29560_455,5A,BB,0.008793229
OK04111,Kukri_c29560_455,5A,BB,0.012246656
TURKEY_NEBSEL,Kukri_c29560_455,5A,AA,0.012394504
CENTURY,Kukri_c29560_455,5A,AA,0.0109124
CUSTER,Kukri_c29560_455,5A,AA,0.011970479
CHEYENNE,Kukri_c29560_455,5A,AA,0.013895492
WENDY,Kukri_c29560_455,5A,AA,0.016492707
HARDING,Kukri_c29560_455,5A,AA,0.014829574
TRIUMPH64,Kukri_c29560_455,5A,AA,0.015288919
CHISHOLM,Kukri_c29560_455,5A,AA,0.013236311
OK06318,Kukri_c29560_455,5A,AA,0.01501037
OK06336,Kukri_c29560_455,5A,BB,0.018418786
DARRELL,Kukri_c29560_455,5A,AA,0.013645844
GENT,Kukri_c29560_455,5A,AA,0.015429979
OK06210,Kukri_c29560_455,5A,AA,0.01376122
OK06319,Kukri_c29560_455,5A,BB,0.01671037
KHARKOF,Kukri_c29560_455,5A,AA,0.013495931
CULVER,Kukri_c29560_455,5A,AA,0.01347579
ANTELOPE,Kukri_c29560_455,5A,AA,0.016386424
BUCKSKIN,Kukri_c29560_455,5A,AA,0.01374508
NIOBRARA,Kukri_c29560_455,5A,AA,0.011735911
DELIVER,Kukri_c29560_455,5A,AA,0.010097322
OK_BULLET,Kukri_c29560_455,5A,AA,0.016110352
INTRADA,Kukri_c29560_455,5A,AA,0.010291745
OK101,Kukri_c29560_455,5A,BB,0.011120479
LANCER,Kukri_c29560_455,5A,AA,0.009271751
WICHITA,Kukri_c29560_455,5A,AA,0.017466105
WARRIOR,Kukri_c29560_455,5A,AA,0.011743476
MACE,Kukri_c29560_455,5A,AA,0.012360699
HARRY,Kukri_c29560_455,5A,AA,0.012431771
VISTA,Kukri_c29560_455,5A,BB,0.019536426
JERRY,Kukri_c29560_455,5A,AA,0.010968264
GOODSTREAK,Kukri_c29560_455,5A,BB,0.016872964
ARLIN,Kukri_c29560_455,5A,AA,0.011169292
GAGE,Kukri_c29560_455,5A,BB,0.010977939
WINDSTAR,Kukri_c29560_455,5A,AA,0.01456792
NE99495,Kukri_c29560_455,5A,BB,0.018734377
RAWHIDE,Kukri_c29560_455,5A,AA,0.011121347
JAGGER,Kukri_c29560_455,5A,AA,0.015412945
BENNETT,Kukri_c29560_455,5A,AA,0.016753496
LYMAN,Kukri_c29560_455,5A,AA,0.010018264
SD01058,Kukri_c29560_455,5A,AA,0.012637732
SD01237,Kukri_c29560_455,5A,AA,0.010540558
WAHOO,Kukri_c29560_455,5A,AA,0.014835061
WESLEY,Kukri_c29560_455,5A,BB,0.017685473
ALICE,Kukri_c29560_455,5A,AA,0.010885124
ARAPAHOE,Kukri_c29560_455,5A,AA,0.016153496
NEKOTA,Kukri_c29560_455,5A,AA,0.015809848
ANTON,Kukri_c29560_455,5A,AA,0.01071026
HOMESTEAD,Kukri_c29560_455,5A,AA,0.01189508
OK05204,Kukri_c29560_455,5A,AA,0.014919813
INFINITY_CL,Kukri_c29560_455,5A,AA,0.01177579
OK06114,Kukri_c29560_455,5A,AA,0.016510782
SIOUXLAND,Kukri_c29560_455,5A,AA,0.014143476
OK05108,Kukri_c29560_455,5A,BB,0.0186376
RITA,Kukri_c29560_455,5A,AA,0.012043288
G1878,Kukri_c29560_455,5A,AA,0.014271172
HV9W03_1379R,Kukri_c29560_455,5A,AA,0.013870518
HV9W03_1551WP,Kukri_c29560_455,5A,BB,0.012244138
SPARTAN,Kukri_c29560_455,5A,BB,0.021376147
HV906_865,Kukri_c29560_455,5A,BB,0.010979979
PROWERS,Kukri_c29560_455,5A,AA,0.010444493
HV9W03_1596R,Kukri_c29560_455,5A,AA,0.010270518
HV9W05_1280R,Kukri_c29560_455,5A,AA,0.012494653
HV9W06_504,Kukri_c29560_455,5A,AA,0.016929284
SMOKYHILL,Kukri_c29560_455,5A,BB,0.007823997
ABOVE,Kukri_c29560_455,5A,AA,0.011906466
VONA,Kukri_c29560_455,5A,BB,0.015952731
SANDY,Kukri_c29560_455,5A,AA,0.011276233
HAIL,Kukri_c29560_455,5A,BB,0.018233816
BOND_CL,Kukri_c29560_455,5A,AA,0.013552322
PLATTE,Kukri_c29560_455,5A,AA,0.0133604
CO03W043,Kukri_c29560_455,5A,AA,0.013428841
CO03W054,Kukri_c29560_455,5A,AA,0.011678187
CO04025,Kukri_c29560_455,5A,AA,0.014986953
CO04393,Kukri_c29560_455,5A,AA,0.009987648
CO04499,Kukri_c29560_455,5A,AA,0.011703736
LAMAR,Kukri_c29560_455,5A,AA,0.008481666
CARSON,Kukri_c29560_455,5A,BB,0.014126233
AVALANCHE,Kukri_c29560_455,5A,AA,0.014681666
HALT,Kukri_c29560_455,5A,AA,0.013236953
HATCHER,Kukri_c29560_455,5A,AA,0.015001369
PRAIRIE_RED,Kukri_c29560_455,5A,AA,0.011278187
YUMAR,Kukri_c29560_455,5A,AA,0.013500273
SHOCKER,Kukri_c29560_455,5A,AA,0.018892605
CO03064,Kukri_c29560_455,5A,AA,0.01039381
BILL_BROWN,Kukri_c29560_455,5A,AA,0.01923078
RIPPER,Kukri_c29560_455,5A,AA,0.011931184
TARKIO,Kukri_c29560_455,5A,AA,0.011051704
YUMA,Kukri_c29560_455,5A,AA,0.015044905
JULES,Kukri_c29560_455,5A,BB,0.018425203
LOCKETT,Kukri_c29560_455,5A,AA,0.011769064
TAM302,Kukri_c29560_455,5A,AA,0.013695858
TAM303,Kukri_c29560_455,5A,AA,0.015845344
CAPROCK,Kukri_c29560_455,5A,BB,0.018893489
TAM200,Kukri_c29560_455,5A,AA,0.011594905
TAM112,Kukri_c29560_455,5A,AA,0.017469769
TAM401,Kukri_c29560_455,5A,BB,0.011945444
TAMW_101,Kukri_c29560_455,5A,BB,0.019671723
TX01A5936,Kukri_c29560_455,5A,AA,0.007746098
TAM105,Kukri_c29560_455,5A,AA,0.018753937
TX86A8072,Kukri_c29560_455,5A,AA,0.017000363
TAM304,Kukri_c29560_455,5A,BB,0.011219578
TAM202,Kukri_c29560_455,5A,AA,0.013177352
STURDY,Kukri_c29560_455,5A,BB,0.016426629
TX86A5606,Kukri_c29560_455,5A,AA,0.011972479
TX03A0563,Kukri_c29560_455,5A,AA,0.013604904
TX03A0148,Kukri_c29560_455,5A,AA,0.012126629
TX02A0252,Kukri_c29560_455,5A,AA,0.010304209
TX04V075080,Kukri_c29560_455,5A,AA,0.0135545
TX04M410211,Kukri_c29560_455,5A,AA,0.011268214
MIT,Kukri_c29560_455,5A,BB,0.021768625
STURDY_2K,Kukri_c29560_455,5A,BB,0.026851073
2180,Kukri_c29560_455,5A,BB,0.016158475
TAM107,Kukri_c29560_455,5A,AA,0.011952909
HG_9,Kukri_c29560_455,5A,AA,0.019323844
TX96D1073,Kukri_c29560_455,5A,BB,0.010705338
TX99A0153_1,Kukri_c29560_455,5A,AA,0.008898923
TX04M410164,Kukri_c29560_455,5A,AA,0.0111045
TAM111,Kukri_c29560_455,5A,BB,0.018427352
TX00V1131,Kukri_c29560_455,5A,AA,0.007354904
TX01M5009_28,Kukri_c29560_455,5A,AA,0.015318625
TX04A001246,Kukri_c29560_455,5A,AA,0.010904209
TAM110,Kukri_c29560_455,5A,AA,0.013730489
TAM109,Kukri_c29560_455,5A,BB,0.01739381
TX01V5134RC_3,Kukri_c29560_455,5A,AA,0.013677657
TX99U8618,Kukri_c29560_455,5A,AA,0.010099709
HUME,Kukri_c29560_455,5A,BB,0.011718564
2174_05,Kukri_c29560_455,5A,BB,0.017919451
CREST,Kukri_c29560_455,5A,AA,0.01105917
ROSEBUD,Kukri_c29560_455,5A,AA,0.019647755
DECADE,Kukri_c29560_455,5A,AA,0.017269685
MT06103,Kukri_c29560_455,5A,BB,0.016928451
TX06A001263,Kukri_c29560_455,5A,AA,0.015451073
TX05A001822,Kukri_c29560_455,5A,AA,0.012359476
TX06A001132,Kukri_c29560_455,5A,AA,0.016073601
TX06A001281,Kukri_c29560_455,5A,BB,0.012323189
TX05V7259,Kukri_c29560_455,5A,BB,0.016448465
TX07A001279,Kukri_c29560_455,5A,AA,0.012722046
TX07A001318,Kukri_c29560_455,5A,BB,0.015258736
TX07A001420,Kukri_c29560_455,5A,BB,0.014822046
TX06V7266,Kukri_c29560_455,5A,AA,0.017408332
OK1067071,Kukri_c29560_455,5A,NA,0.012480462
OK1067274,Kukri_c29560_455,5A,AA,0.012322896
OK1068009,Kukri_c29560_455,5A,BB,0.013681489
OK1068026,Kukri_c29560_455,5A,BB,0.018622458
OK1068112,Kukri_c29560_455,5A,AA,0.017931489
OK1070275,Kukri_c29560_455,5A,AA,0.011871362
OK1070267,Kukri_c29560_455,5A,AA,0.019397322
OK09634,Kukri_c29560_455,5A,AA,0.012023411
OK07231,Kukri_c29560_455,5A,AA,0.010308332
OK07S117,Kukri_c29560_455,5A,AA,0.012452755
OK08328,Kukri_c29560_455,5A,BB,0.011771362
TX06A001386,Kukri_c29560_455,5A,AA,0.011400419
LAKIN,Kukri_c29560_455,5A,AA,0.008523164
OVERLEY,Kukri_c29560_455,5A,AA,0.01452404
BIG_SKY,Kukri_c29560_455,5A,AA,0.012622896
MT0495,Kukri_c29560_455,5A,BB,0.016055338
MT85200,Kukri_c29560_455,5A,BB,0.015631923
ALLIANCE,Kukri_c29560_455,5A,BB,0.019144397
MTS0531,Kukri_c29560_455,5A,AA,0.015272891
FULLER,Kukri_c29560_455,5A,AA,0.013273601
NUSKY,Kukri_c29560_455,5A,AA,0.012921796
GENOU,Kukri_c29560_455,5A,AA,0.01752333
COUGAR,Kukri_c29560_455,5A,AA,0.012154524
YELLOWSTONE,Kukri_c29560_455,5A,BB,0.01315917
MT9982,Kukri_c29560_455,5A,BB,0.016899709
EXPEDITION,Kukri_c29560_455,5A,AA,0.014995844
JUDEE,Kukri_c29560_455,5A,AA,0.011901898
MT9904,Kukri_c29560_455,5A,AA,0.011930895
NUPLAINS,Kukri_c29560_455,5A,BB,0.011460337
OK102,Kukri_c29560_455,5A,BB,0.010697031
NORRIS,Kukri_c29560_455,5A,AA,0.020103189
DUKE,Kukri_c29560_455,5A,BB,0.011637243
JUDITH,Kukri_c29560_455,5A,BB,0.012708766
SD05210,Kukri_c29560_455,5A,AA,0.009896539
NEWTON,Kukri_c29560_455,5A,AA,0.014192867
PARKER,Kukri_c29560_455,5A,AA,0.017042867
LARNED,Kukri_c29560_455,5A,AA,0.010528451
KAW61,Kukri_c29560_455,5A,BB,0.015851898
STANTON,Kukri_c29560_455,5A,AA,0.018078741
PARKER76,Kukri_c29560_455,5A,BB,0.012693819
TASCOSA,Kukri_c29560_455,5A,BB,0.01850661
TREGO,Kukri_c29560_455,5A,AA,0.012673164
KIRWIN,Kukri_c29560_455,5A,BB,0.014867731
BISON,Kukri_c29560_455,5A,BB,0.016052778
KARL_92,Kukri_c29560_455,5A,AA,0.011875314
SAGE,Kukri_c29560_455,5A,AA,0.01190087
KIOWA,Kukri_c29560_455,5A,BB,0.015455915
DODGE,Kukri_c29560_455,5A,AA,0.016481173
TRISON,Kukri_c29560_455,5A,BB,0.009443305
COMANCHE,Kukri_c29560_455,5A,BB,0.017597803
NORKAN,Kukri_c29560_455,5A,AA,0.016291771
EAGLE,Kukri_c29560_455,5A,AA,0.014993305
CHENEY,Kukri_c29560_455,5A,AA,0.017142455
SHAWNEE,Kukri_c29560_455,5A,BB,0.016420339
HEYNE,Kukri_c29560_455,5A,AA,0.012572506
2145,Kukri_c29560_455,5A,AA,0.012524554
BAKERS_WHITE,Kukri_c29560_455,5A,AA,0.014097149
BURCHETT,Kukri_c29560_455,5A,AA,0.014069236
CO940610,Kukri_c29560_455,5A,AA,0.012292605
COSSACK,Kukri_c29560_455,5A,AA,0.019474554
CUTTER,Kukri_c29560_455,5A,AA,0.012945195
DUMAS,Kukri_c29560_455,5A,AA,0.012028335
ENHANCER,Kukri_c29560_455,5A,BB,0.020209185
HONDO,Kukri_c29560_455,5A,AA,0.015156206
JAGALENE,Kukri_c29560_455,5A,AA,0.013329363
KEOTA,Kukri_c29560_455,5A,AA,0.015353899
KS00F5_20_3,Kukri_c29560_455,5A,AA,0.015998465
LONGHORN,Kukri_c29560_455,5A,BB,0.010852778
NEOSHO,Kukri_c29560_455,5A,AA,0.010550629
NUHORIZON,Kukri_c29560_455,5A,AA,0.012020331
OGALLALA,Kukri_c29560_455,5A,AA,0.015206206
ONAGA,Kukri_c29560_455,5A,BB,0.014755915
RONL,Kukri_c29560_455,5A,AA,0.012182633
SANTA_FE,Kukri_c29560_455,5A,AA,0.00920988
SETTLER_CL,Kukri_c29560_455,5A,AA,0.013685911
THUNDER_CL,Kukri_c29560_455,5A,AA,0.012950273
THUNDERBOLT,Kukri_c29560_455,5A,AA,0.019621284
VENANGO,Kukri_c29560_455,5A,BB,0.01180988
W04_417,Kukri_c29560_455,5A,AA,0.009547803
WB411W,Kukri_c29560_455,5A,AA,0.014023189
AKRON,IWA7579,5A,BB,0.012972377
CAMELOT,IWA7579,5A,BB,0.013271057
CO04W320,IWA7579,5A,AA,0.014201807
LINDON,IWA7579,5A,BB,0.015859373
MILLENNIUM,IWA7579,5A,AA,0.012246445
NUFRONTIER,IWA7579,5A,AA,0.013121284
OK_RISING,IWA7579,5A,AA,0.014688265
OK10119,IWA7579,5A,AA,0.010008042
OK1068002,IWA7579,5A,AA,0.014804905
OVERLAND,IWA7579,5A,AA,0.01101577
PETE,IWA7579,5A,BB,0.0143124
POSTROCK,IWA7579,5A,AA,0.01377077
GALLAGHER,IWA7579,5A,AA,0.012999276
CENTURA,IWA7579,5A,BB,0.016696445
REDLAND,IWA7579,5A,AA,0.00811577
TAM107_R7,IWA7579,5A,AA,0.011909848
TAM203,IWA7579,5A,BB,0.013645344
TAM400,IWA7579,5A,AA,0.01506753
TX86A6880,IWA7579,5A,AA,0.01262333
MT9513,IWA7579,5A,AA,0.012997755
TX05V7269,IWA7579,5A,BB,0.011531605
TX05A001188,IWA7579,5A,AA,0.012106048
BILLINGS,IWA7579,5A,AA,0.008461035
DANBY,IWA7579,5A,AA,0.01224993
E2041,IWA7579,5A,BB,0.01826169
DENALI,IWA7579,5A,BB,0.016059541
CO050337_2,IWA7579,5A,BB,0.011806715
BYRD,IWA7579,5A,AA,0.016665522
CO07W245,IWA7579,5A,BB,0.015565118
MCGILL,IWA7579,5A,AA,0.013388275
NE02558,IWA7579,5A,AA,0.012654107
NW03666,IWA7579,5A,AA,0.012380196
NE04490,IWA7579,5A,AA,0.011928148
NE05430,IWA7579,5A,BB,0.020328831
NE05496,IWA7579,5A,AA,0.01601169
NE05548,IWA7579,5A,AA,0.011379682
NE06545,IWA7579,5A,BB,0.013509541
NE06607,IWA7579,5A,AA,0.013729243
ROBIDOUX,IWA7579,5A,AA,0.010614827
NI06736,IWA7579,5A,AA,0.012787247
NI06737,IWA7579,5A,AA,0.011256061
NI07703,IWA7579,5A,AA,0.010138275
NI08707,IWA7579,5A,AA,0.018254107
NI08708,IWA7579,5A,BB,0.012815118
BRONZE,IWA7579,5A,BB,0.0177937
NELL,IWA7579,5A,AA,0.015671172
WINOKA,IWA7579,5A,BB,0.018152731
ENDURANCE,IWA7579,5A,AA,0.019369451
AGATE,IWA7579,5A,AA,0.011331367
CENTERFIELD,IWA7579,5A,BB,0.011043894
CENTURK78,IWA7579,5A,BB,0.01437231
COLT,IWA7579,5A,AA,0.013120356
SCOUT66,IWA7579,5A,AA,0.011771751
OK05303,IWA7579,5A,BB,0.012796366
OK05312,IWA7579,5A,AA,0.010947061
OK05134,IWA7579,5A,NA,0.012396656
OK05526,IWA7579,5A,BB,0.009791079
OK05830,IWA7579,5A,AA,0.010785646
OK04507,IWA7579,5A,BB,0.010788254
PRONGHORN,IWA7579,5A,AA,0.012512945
HALLAM,IWA7579,5A,AA,0.018081076
ROSE,IWA7579,5A,AA,0.011987078
DAWN,IWA7579,5A,AA,0.015096135
OK05511,IWA7579,5A,AA,0.013409687
CRIMSON,IWA7579,5A,AA,0.012359165
TANDEM,IWA7579,5A,AA,0.012511213
GUYMON,IWA7579,5A,AA,0.010488919
DUSTER,IWA7579,5A,AA,0.014111447
OK05711W,IWA7579,5A,AA,0.012461735
OK02405,IWA7579,5A,AA,0.010661886
GARRISON,IWA7579,5A,AA,0.014110782
OK05723W,IWA7579,5A,AA,0.012938254
OK05122,IWA7579,5A,AA,0.0102376
SD05118,IWA7579,5A,BB,0.018542707
SD05W018,IWA7579,5A,AA,0.012359165
OK04505,IWA7579,5A,AA,0.014186311
OK04525,IWA7579,5A,BB,0.014147726
OK04415,IWA7579,5A,BB,0.008793229
OK04111,IWA7579,5A,BB,0.012246656
TURKEY_NEBSEL,IWA7579,5A,AA,0.012394504
CENTURY,IWA7579,5A,AA,0.0109124
CUSTER,IWA7579,5A,AA,0.011970479
CHEYENNE,IWA7579,5A,AA,0.013895492
WENDY,IWA7579,5A,AA,0.016492707
HARDING,IWA7579,5A,AA,0.014829574
TRIUMPH64,IWA7579,5A,AA,0.015288919
CHISHOLM,IWA7579,5A,AA,0.013236311
OK06318,IWA7579,5A,AA,0.01501037
OK06336,IWA7579,5A,BB,0.018418786
DARRELL,IWA7579,5A,AA,0.013645844
GENT,IWA7579,5A,AA,0.015429979
OK06210,IWA7579,5A,AA,0.01376122
OK06319,IWA7579,5A,BB,0.01671037
KHARKOF,IWA7579,5A,AA,0.013495931
CULVER,IWA7579,5A,AA,0.01347579
ANTELOPE,IWA7579,5A,AA,0.016386424
BUCKSKIN,IWA7579,5A,AA,0.01374508
NIOBRARA,IWA7579,5A,AA,0.011735911
DELIVER,IWA7579,5A,AA,0.010097322
OK_BULLET,IWA7579,5A,AA,0.016110352
INTRADA,IWA7579,5A,AA,0.010291745
OK101,IWA7579,5A,BB,0.011120479
LANCER,IWA7579,5A,AA,0.009271751
WICHITA,IWA7579,5A,AA,0.017466105
WARRIOR,IWA7579,5A,AA,0.011743476
MACE,IWA7579,5A,AA,0.012360699
HARRY,IWA7579,5A,AA,0.012431771
VISTA,IWA7579,5A,BB,0.019536426
JERRY,IWA7579,5A,AA,0.010968264
GOODSTREAK,IWA7579,5A,BB,0.016872964
ARLIN,IWA7579,5A,AA,0.011169292
GAGE,IWA7579,5A,BB,0.010977939
WINDSTAR,IWA7579,5A,AA,0.01456792
NE99495,IWA7579,5A,BB,0.018734377
RAWHIDE,IWA7579,5A,AA,0.011121347
JAGGER,IWA7579,5A,AA,0.015412945
BENNETT,IWA7579,5A,AA,0.016753496
LYMAN,IWA7579,5A,AA,0.010018264
SD01058,IWA7579,5A,AA,0.012637732
SD01237,IWA7579,5A,AA,0.010540558
WAHOO,IWA7579,5A,AA,0.014835061
WESLEY,IWA7579,5A,BB,0.017685473
ALICE,IWA7579,5A,AA,0.010885124
ARAPAHOE,IWA7579,5A,AA,0.016153496
NEKOTA,IWA7579,5A,AA,0.015809848
ANTON,IWA7579,5A,AA,0.01071026
HOMESTEAD,IWA7579,5A,AA,0.01189508
OK05204,IWA7579,5A,AA,0.014919813
INFINITY_CL,IWA7579,5A,AA,0.01177579
OK06114,IWA7579,5A,AA,0.016510782
SIOUXLAND,IWA7579,5A,AA,0.014143476
OK05108,IWA7579,5A,BB,0.0186376
RITA,IWA7579,5A,AA,0.012043288
G1878,IWA7579,5A,AA,0.014271172
HV9W03_1379R,IWA7579,5A,AA,0.013870518
HV9W03_1551WP,IWA7579,5A,BB,0.012244138
SPARTAN,IWA7579,5A,BB,0.021376147
HV906_865,IWA7579,5A,BB,0.010979979
PROWERS,IWA7579,5A,AA,0.010444493
HV9W03_1596R,IWA7579,5A,AA,0.010270518
HV9W05_1280R,IWA7579,5A,AA,0.012494653
HV9W06_504,IWA7579,5A,AA,0.016929284
SMOKYHILL,IWA7579,5A,BB,0.007823997
ABOVE,IWA7579,5A,AA,0.011906466
VONA,IWA7579,5A,BB,0.015952731
SANDY,IWA7579,5A,AA,0.011276233
HAIL,IWA7579,5A,BB,0.018233816
BOND_CL,IWA7579,5A,AA,0.013552322
PLATTE,IWA7579,5A,AA,0.0133604
CO03W043,IWA7579,5A,AA,0.013428841
CO03W054,IWA7579,5A,AA,0.011678187
CO04025,IWA7579,5A,AA,0.014986953
CO04393,IWA7579,5A,AA,0.009987648
CO04499,IWA7579,5A,AA,0.011703736
LAMAR,IWA7579,5A,AA,0.008481666
CARSON,IWA7579,5A,BB,0.014126233
AVALANCHE,IWA7579,5A,AA,0.014681666
HALT,IWA7579,5A,AA,0.013236953
HATCHER,IWA7579,5A,AA,0.015001369
PRAIRIE_RED,IWA7579,5A,AA,0.011278187
YUMAR,IWA7579,5A,AA,0.013500273
SHOCKER,IWA7579,5A,AA,0.018892605
CO03064,IWA7579,5A,AA,0.01039381
BILL_BROWN,IWA7579,5A,AA,0.01923078
RIPPER,IWA7579,5A,AA,0.011931184
TARKIO,IWA7579,5A,AA,0.011051704
YUMA,IWA7579,5A,AA,0.015044905
JULES,IWA7579,5A,BB,0.018425203
LOCKETT,IWA7579,5A,AA,0.011769064
TAM302,IWA7579,5A,AA,0.013695858
TAM303,IWA7579,5A,AA,0.015845344
CAPROCK,IWA7579,5A,BB,0.018893489
TAM200,IWA7579,5A,AA,0.011594905
TAM112,IWA7579,5A,AA,0.017469769
TAM401,IWA7579,5A,BB,0.011945444
TAMW_101,IWA7579,5A,BB,0.019671723
TX01A5936,IWA7579,5A,AA,0.007746098
TAM105,IWA7579,5A,AA,0.018753937
TX86A8072,IWA7579,5A,AA,0.017000363
TAM304,IWA7579,5A,BB,0.011219578
TAM202,IWA7579,5A,AA,0.013177352
STURDY,IWA7579,5A,BB,0.016426629
TX86A5606,IWA7579,5A,AA,0.011972479
TX03A0563,IWA7579,5A,AA,0.013604904
TX03A0148,IWA7579,5A,AA,0.012126629
TX02A0252,IWA7579,5A,AA,0.010304209
TX04V075080,IWA7579,5A,AA,0.0135545
TX04M410211,IWA7579,5A,AA,0.011268214
MIT,IWA7579,5A,BB,0.021768625
STURDY_2K,IWA7579,5A,BB,0.026851073
2180,IWA7579,5A,BB,0.016158475
TAM107,IWA7579,5A,AA,0.011952909
HG_9,IWA7579,5A,AA,0.019323844
TX96D1073,IWA7579,5A,BB,0.010705338
TX99A0153_1,IWA7579,5A,AA,0.008898923
TX04M410164,IWA7579,5A,AA,0.0111045
TAM111,IWA7579,5A,BB,0.018427352
TX00V1131,IWA7579,5A,AA,0.007354904
TX01M5009_28,IWA7579,5A,AA,0.015318625
TX04A001246,IWA7579,5A,AA,0.010904209
TAM110,IWA7579,5A,AA,0.013730489
TAM109,IWA7579,5A,BB,0.01739381
TX01V5134RC_3,IWA7579,5A,AA,0.013677657
TX99U8618,IWA7579,5A,AA,0.010099709
HUME,IWA7579,5A,BB,0.011718564
2174_05,IWA7579,5A,BB,0.017919451
CREST,IWA7579,5A,AA,0.01105917
ROSEBUD,IWA7579,5A,AA,0.019647755
DECADE,IWA7579,5A,AA,0.017269685
MT06103,IWA7579,5A,BB,0.016928451
TX06A001263,IWA7579,5A,AA,0.015451073
TX05A001822,IWA7579,5A,AA,0.012359476
TX06A001132,IWA7579,5A,AA,0.016073601
TX06A001281,IWA7579,5A,BB,0.012323189
TX05V7259,IWA7579,5A,BB,0.016448465
TX07A001279,IWA7579,5A,AA,0.012722046
TX07A001318,IWA7579,5A,BB,0.015258736
TX07A001420,IWA7579,5A,BB,0.014822046
TX06V7266,IWA7579,5A,AA,0.017408332
OK1067071,IWA7579,5A,NA,0.012480462
OK1067274,IWA7579,5A,AA,0.012322896
OK1068009,IWA7579,5A,BB,0.013681489
OK1068026,IWA7579,5A,BB,0.018622458
OK1068112,IWA7579,5A,AA,0.017931489
OK1070275,IWA7579,5A,AA,0.011871362
OK1070267,IWA7579,5A,AA,0.019397322
OK09634,IWA7579,5A,AA,0.012023411
OK07231,IWA7579,5A,AA,0.010308332
OK07S117,IWA7579,5A,AA,0.012452755
OK08328,IWA7579,5A,BB,0.011771362
TX06A001386,IWA7579,5A,AA,0.011400419
LAKIN,IWA7579,5A,AA,0.008523164
OVERLEY,IWA7579,5A,AA,0.01452404
BIG_SKY,IWA7579,5A,AA,0.012622896
MT0495,IWA7579,5A,BB,0.016055338
MT85200,IWA7579,5A,BB,0.015631923
ALLIANCE,IWA7579,5A,BB,0.019144397
MTS0531,IWA7579,5A,AA,0.015272891
FULLER,IWA7579,5A,AA,0.013273601
NUSKY,IWA7579,5A,AA,0.012921796
GENOU,IWA7579,5A,AA,0.01752333
COUGAR,IWA7579,5A,AA,0.012154524
YELLOWSTONE,IWA7579,5A,BB,0.01315917
MT9982,IWA7579,5A,BB,0.016899709
EXPEDITION,IWA7579,5A,AA,0.014995844
JUDEE,IWA7579,5A,AA,0.011901898
MT9904,IWA7579,5A,AA,0.011930895
NUPLAINS,IWA7579,5A,BB,0.011460337
OK102,IWA7579,5A,BB,0.010697031
NORRIS,IWA7579,5A,AA,0.020103189
DUKE,IWA7579,5A,BB,0.011637243
JUDITH,IWA7579,5A,BB,0.012708766
SD05210,IWA7579,5A,AA,0.009896539
NEWTON,IWA7579,5A,AA,0.014192867
PARKER,IWA7579,5A,AA,0.017042867
LARNED,IWA7579,5A,AA,0.010528451
KAW61,IWA7579,5A,BB,0.015851898
STANTON,IWA7579,5A,AA,0.018078741
PARKER76,IWA7579,5A,BB,0.012693819
TASCOSA,IWA7579,5A,BB,0.01850661
TREGO,IWA7579,5A,AA,0.012673164
KIRWIN,IWA7579,5A,BB,0.014867731
BISON,IWA7579,5A,BB,0.016052778
KARL_92,IWA7579,5A,AA,0.011875314
SAGE,IWA7579,5A,AA,0.01190087
KIOWA,IWA7579,5A,BB,0.015455915
DODGE,IWA7579,5A,AA,0.016481173
TRISON,IWA7579,5A,BB,0.009443305
COMANCHE,IWA7579,5A,BB,0.017597803
NORKAN,IWA7579,5A,AA,0.016291771
EAGLE,IWA7579,5A,AA,0.014993305
CHENEY,IWA7579,5A,AA,0.017142455
SHAWNEE,IWA7579,5A,BB,0.016420339
HEYNE,IWA7579,5A,AA,0.012572506
2145,IWA7579,5A,AA,0.012524554
BAKERS_WHITE,IWA7579,5A,AA,0.014097149
BURCHETT,IWA7579,5A,AA,0.014069236
CO940610,IWA7579,5A,AA,0.012292605
COSSACK,IWA7579,5A,AA,0.019474554
CUTTER,IWA7579,5A,AA,0.012945195
DUMAS,IWA7579,5A,AA,0.012028335
ENHANCER,IWA7579,5A,BB,0.020209185
HONDO,IWA7579,5A,AA,0.015156206
JAGALENE,IWA7579,5A,AA,0.013329363
KEOTA,IWA7579,5A,AA,0.015353899
KS00F5_20_3,IWA7579,5A,AA,0.015998465
LONGHORN,IWA7579,5A,BB,0.010852778
NEOSHO,IWA7579,5A,AA,0.010550629
NUHORIZON,IWA7579,5A,AA,0.012020331
OGALLALA,IWA7579,5A,AA,0.015206206
ONAGA,IWA7579,5A,BB,0.014755915
RONL,IWA7579,5A,AA,0.012182633
SANTA_FE,IWA7579,5A,AA,0.00920988
SETTLER_CL,IWA7579,5A,AA,0.013685911
THUNDER_CL,IWA7579,5A,AA,0.012950273
THUNDERBOLT,IWA7579,5A,AA,0.019621284
VENANGO,IWA7579,5A,BB,0.01180988
W04_417,IWA7579,5A,AA,0.009547803
WB411W,IWA7579,5A,AA,0.014023189
AKRON,IWA6681,5A,BB,0.012972377
CAMELOT,IWA6681,5A,BB,0.013271057
CO04W320,IWA6681,5A,AA,0.014201807
LINDON,IWA6681,5A,BB,0.015859373
MILLENNIUM,IWA6681,5A,AA,0.012246445
NUFRONTIER,IWA6681,5A,AA,0.013121284
OK_RISING,IWA6681,5A,AA,0.014688265
OK10119,IWA6681,5A,AA,0.010008042
OK1068002,IWA6681,5A,AA,0.014804905
OVERLAND,IWA6681,5A,AA,0.01101577
PETE,IWA6681,5A,BB,0.0143124
POSTROCK,IWA6681,5A,AA,0.01377077
GALLAGHER,IWA6681,5A,AA,0.012999276
CENTURA,IWA6681,5A,BB,0.016696445
REDLAND,IWA6681,5A,AA,0.00811577
TAM107_R7,IWA6681,5A,AA,0.011909848
TAM203,IWA6681,5A,BB,0.013645344
TAM400,IWA6681,5A,AA,0.01506753
TX86A6880,IWA6681,5A,AA,0.01262333
MT9513,IWA6681,5A,AA,0.012997755
TX05V7269,IWA6681,5A,BB,0.011531605
TX05A001188,IWA6681,5A,AA,0.012106048
BILLINGS,IWA6681,5A,AA,0.008461035
DANBY,IWA6681,5A,AA,0.01224993
E2041,IWA6681,5A,BB,0.01826169
DENALI,IWA6681,5A,BB,0.016059541
CO050337_2,IWA6681,5A,BB,0.011806715
BYRD,IWA6681,5A,AA,0.016665522
CO07W245,IWA6681,5A,BB,0.015565118
MCGILL,IWA6681,5A,AA,0.013388275
NE02558,IWA6681,5A,AA,0.012654107
NW03666,IWA6681,5A,AA,0.012380196
NE04490,IWA6681,5A,AA,0.011928148
NE05430,IWA6681,5A,BB,0.020328831
NE05496,IWA6681,5A,AA,0.01601169
NE05548,IWA6681,5A,AA,0.011379682
NE06545,IWA6681,5A,BB,0.013509541
NE06607,IWA6681,5A,AA,0.013729243
ROBIDOUX,IWA6681,5A,AA,0.010614827
NI06736,IWA6681,5A,AA,0.012787247
NI06737,IWA6681,5A,AA,0.011256061
NI07703,IWA6681,5A,AA,0.010138275
NI08707,IWA6681,5A,AA,0.018254107
NI08708,IWA6681,5A,BB,0.012815118
BRONZE,IWA6681,5A,BB,0.0177937
NELL,IWA6681,5A,AA,0.015671172
WINOKA,IWA6681,5A,BB,0.018152731
ENDURANCE,IWA6681,5A,AA,0.019369451
AGATE,IWA6681,5A,AA,0.011331367
CENTERFIELD,IWA6681,5A,BB,0.011043894
CENTURK78,IWA6681,5A,BB,0.01437231
COLT,IWA6681,5A,AA,0.013120356
SCOUT66,IWA6681,5A,AA,0.011771751
OK05303,IWA6681,5A,BB,0.012796366
OK05312,IWA6681,5A,AA,0.010947061
OK05134,IWA6681,5A,NA,0.012396656
OK05526,IWA6681,5A,BB,0.009791079
OK05830,IWA6681,5A,AA,0.010785646
OK04507,IWA6681,5A,BB,0.010788254
PRONGHORN,IWA6681,5A,AA,0.012512945
HALLAM,IWA6681,5A,AA,0.018081076
ROSE,IWA6681,5A,AA,0.011987078
DAWN,IWA6681,5A,AA,0.015096135
OK05511,IWA6681,5A,AA,0.013409687
CRIMSON,IWA6681,5A,AA,0.012359165
TANDEM,IWA6681,5A,AA,0.012511213
GUYMON,IWA6681,5A,AA,0.010488919
DUSTER,IWA6681,5A,AA,0.014111447
OK05711W,IWA6681,5A,AA,0.012461735
OK02405,IWA6681,5A,AA,0.010661886
GARRISON,IWA6681,5A,AA,0.014110782
OK05723W,IWA6681,5A,AA,0.012938254
OK05122,IWA6681,5A,AA,0.0102376
SD05118,IWA6681,5A,BB,0.018542707
SD05W018,IWA6681,5A,AA,0.012359165
OK04505,IWA6681,5A,AA,0.014186311
OK04525,IWA6681,5A,BB,0.014147726
OK04415,IWA6681,5A,BB,0.008793229
OK04111,IWA6681,5A,BB,0.012246656
TURKEY_NEBSEL,IWA6681,5A,AA,0.012394504
CENTURY,IWA6681,5A,AA,0.0109124
CUSTER,IWA6681,5A,AA,0.011970479
CHEYENNE,IWA6681,5A,AA,0.013895492
WENDY,IWA6681,5A,AA,0.016492707
HARDING,IWA6681,5A,AA,0.014829574
TRIUMPH64,IWA6681,5A,AA,0.015288919
CHISHOLM,IWA6681,5A,AA,0.013236311
OK06318,IWA6681,5A,AA,0.01501037
OK06336,IWA6681,5A,BB,0.018418786
DARRELL,IWA6681,5A,AA,0.013645844
GENT,IWA6681,5A,AA,0.015429979
OK06210,IWA6681,5A,AA,0.01376122
OK06319,IWA6681,5A,NA,0.01671037
KHARKOF,IWA6681,5A,AA,0.013495931
CULVER,IWA6681,5A,AA,0.01347579
ANTELOPE,IWA6681,5A,AA,0.016386424
BUCKSKIN,IWA6681,5A,AA,0.01374508
NIOBRARA,IWA6681,5A,AA,0.011735911
DELIVER,IWA6681,5A,AA,0.010097322
OK_BULLET,IWA6681,5A,AA,0.016110352
INTRADA,IWA6681,5A,AA,0.010291745
OK101,IWA6681,5A,BB,0.011120479
LANCER,IWA6681,5A,AA,0.009271751
WICHITA,IWA6681,5A,AA,0.017466105
WARRIOR,IWA6681,5A,AA,0.011743476
MACE,IWA6681,5A,AA,0.012360699
HARRY,IWA6681,5A,AA,0.012431771
VISTA,IWA6681,5A,BB,0.019536426
JERRY,IWA6681,5A,AA,0.010968264
GOODSTREAK,IWA6681,5A,BB,0.016872964
ARLIN,IWA6681,5A,AA,0.011169292
GAGE,IWA6681,5A,BB,0.010977939
WINDSTAR,IWA6681,5A,AA,0.01456792
NE99495,IWA6681,5A,BB,0.018734377
RAWHIDE,IWA6681,5A,AA,0.011121347
JAGGER,IWA6681,5A,AA,0.015412945
BENNETT,IWA6681,5A,AA,0.016753496
LYMAN,IWA6681,5A,AA,0.010018264
SD01058,IWA6681,5A,AA,0.012637732
SD01237,IWA6681,5A,AA,0.010540558
WAHOO,IWA6681,5A,AA,0.014835061
WESLEY,IWA6681,5A,BB,0.017685473
ALICE,IWA6681,5A,AA,0.010885124
ARAPAHOE,IWA6681,5A,AA,0.016153496
NEKOTA,IWA6681,5A,AA,0.015809848
ANTON,IWA6681,5A,AA,0.01071026
HOMESTEAD,IWA6681,5A,AA,0.01189508
OK05204,IWA6681,5A,AA,0.014919813
INFINITY_CL,IWA6681,5A,AA,0.01177579
OK06114,IWA6681,5A,AA,0.016510782
SIOUXLAND,IWA6681,5A,AA,0.014143476
OK05108,IWA6681,5A,BB,0.0186376
RITA,IWA6681,5A,AA,0.012043288
G1878,IWA6681,5A,AA,0.014271172
HV9W03_1379R,IWA6681,5A,AA,0.013870518
HV9W03_1551WP,IWA6681,5A,BB,0.012244138
SPARTAN,IWA6681,5A,BB,0.021376147
HV906_865,IWA6681,5A,BB,0.010979979
PROWERS,IWA6681,5A,AA,0.010444493
HV9W03_1596R,IWA6681,5A,AA,0.010270518
HV9W05_1280R,IWA6681,5A,AA,0.012494653
HV9W06_504,IWA6681,5A,AA,0.016929284
SMOKYHILL,IWA6681,5A,BB,0.007823997
ABOVE,IWA6681,5A,AA,0.011906466
VONA,IWA6681,5A,BB,0.015952731
SANDY,IWA6681,5A,AA,0.011276233
HAIL,IWA6681,5A,BB,0.018233816
BOND_CL,IWA6681,5A,AA,0.013552322
PLATTE,IWA6681,5A,AA,0.0133604
CO03W043,IWA6681,5A,AA,0.013428841
CO03W054,IWA6681,5A,AA,0.011678187
CO04025,IWA6681,5A,AA,0.014986953
CO04393,IWA6681,5A,AA,0.009987648
CO04499,IWA6681,5A,AA,0.011703736
LAMAR,IWA6681,5A,AA,0.008481666
CARSON,IWA6681,5A,BB,0.014126233
AVALANCHE,IWA6681,5A,AA,0.014681666
HALT,IWA6681,5A,AA,0.013236953
HATCHER,IWA6681,5A,AA,0.015001369
PRAIRIE_RED,IWA6681,5A,AA,0.011278187
YUMAR,IWA6681,5A,AA,0.013500273
SHOCKER,IWA6681,5A,AA,0.018892605
CO03064,IWA6681,5A,AA,0.01039381
BILL_BROWN,IWA6681,5A,AA,0.01923078
RIPPER,IWA6681,5A,AA,0.011931184
TARKIO,IWA6681,5A,AA,0.011051704
YUMA,IWA6681,5A,AA,0.015044905
JULES,IWA6681,5A,BB,0.018425203
LOCKETT,IWA6681,5A,AA,0.011769064
TAM302,IWA6681,5A,AA,0.013695858
TAM303,IWA6681,5A,AA,0.015845344
CAPROCK,IWA6681,5A,BB,0.018893489
TAM200,IWA6681,5A,AA,0.011594905
TAM112,IWA6681,5A,AA,0.017469769
TAM401,IWA6681,5A,BB,0.011945444
TAMW_101,IWA6681,5A,BB,0.019671723
TX01A5936,IWA6681,5A,AA,0.007746098
TAM105,IWA6681,5A,AA,0.018753937
TX86A8072,IWA6681,5A,AA,0.017000363
TAM304,IWA6681,5A,BB,0.011219578
TAM202,IWA6681,5A,AA,0.013177352
STURDY,IWA6681,5A,BB,0.016426629
TX86A5606,IWA6681,5A,AA,0.011972479
TX03A0563,IWA6681,5A,AA,0.013604904
TX03A0148,IWA6681,5A,AA,0.012126629
TX02A0252,IWA6681,5A,AA,0.010304209
TX04V075080,IWA6681,5A,AA,0.0135545
TX04M410211,IWA6681,5A,AA,0.011268214
MIT,IWA6681,5A,BB,0.021768625
STURDY_2K,IWA6681,5A,BB,0.026851073
2180,IWA6681,5A,BB,0.016158475
TAM107,IWA6681,5A,AA,0.011952909
HG_9,IWA6681,5A,AA,0.019323844
TX96D1073,IWA6681,5A,BB,0.010705338
TX99A0153_1,IWA6681,5A,AA,0.008898923
TX04M410164,IWA6681,5A,AA,0.0111045
TAM111,IWA6681,5A,BB,0.018427352
TX00V1131,IWA6681,5A,AA,0.007354904
TX01M5009_28,IWA6681,5A,AA,0.015318625
TX04A001246,IWA6681,5A,AA,0.010904209
TAM110,IWA6681,5A,AA,0.013730489
TAM109,IWA6681,5A,BB,0.01739381
TX01V5134RC_3,IWA6681,5A,AA,0.013677657
TX99U8618,IWA6681,5A,AA,0.010099709
HUME,IWA6681,5A,BB,0.011718564
2174_05,IWA6681,5A,BB,0.017919451
CREST,IWA6681,5A,AA,0.01105917
ROSEBUD,IWA6681,5A,AA,0.019647755
DECADE,IWA6681,5A,AA,0.017269685
MT06103,IWA6681,5A,BB,0.016928451
TX06A001263,IWA6681,5A,AA,0.015451073
TX05A001822,IWA6681,5A,AA,0.012359476
TX06A001132,IWA6681,5A,AA,0.016073601
TX06A001281,IWA6681,5A,BB,0.012323189
TX05V7259,IWA6681,5A,BB,0.016448465
TX07A001279,IWA6681,5A,AA,0.012722046
TX07A001318,IWA6681,5A,BB,0.015258736
TX07A001420,IWA6681,5A,BB,0.014822046
TX06V7266,IWA6681,5A,AA,0.017408332
OK1067071,IWA6681,5A,NA,0.012480462
OK1067274,IWA6681,5A,AA,0.012322896
OK1068009,IWA6681,5A,BB,0.013681489
OK1068026,IWA6681,5A,BB,0.018622458
OK1068112,IWA6681,5A,AA,0.017931489
OK1070275,IWA6681,5A,AA,0.011871362
OK1070267,IWA6681,5A,AA,0.019397322
OK09634,IWA6681,5A,AA,0.012023411
OK07231,IWA6681,5A,AA,0.010308332
OK07S117,IWA6681,5A,AA,0.012452755
OK08328,IWA6681,5A,BB,0.011771362
TX06A001386,IWA6681,5A,AA,0.011400419
LAKIN,IWA6681,5A,AA,0.008523164
OVERLEY,IWA6681,5A,AA,0.01452404
BIG_SKY,IWA6681,5A,AA,0.012622896
MT0495,IWA6681,5A,BB,0.016055338
MT85200,IWA6681,5A,BB,0.015631923
ALLIANCE,IWA6681,5A,BB,0.019144397
MTS0531,IWA6681,5A,AA,0.015272891
FULLER,IWA6681,5A,AA,0.013273601
NUSKY,IWA6681,5A,AA,0.012921796
GENOU,IWA6681,5A,AA,0.01752333
COUGAR,IWA6681,5A,AA,0.012154524
YELLOWSTONE,IWA6681,5A,BB,0.01315917
MT9982,IWA6681,5A,BB,0.016899709
EXPEDITION,IWA6681,5A,AA,0.014995844
JUDEE,IWA6681,5A,AA,0.011901898
MT9904,IWA6681,5A,AA,0.011930895
NUPLAINS,IWA6681,5A,BB,0.011460337
OK102,IWA6681,5A,BB,0.010697031
NORRIS,IWA6681,5A,AA,0.020103189
DUKE,IWA6681,5A,BB,0.011637243
JUDITH,IWA6681,5A,BB,0.012708766
SD05210,IWA6681,5A,AA,0.009896539
NEWTON,IWA6681,5A,AA,0.014192867
PARKER,IWA6681,5A,AA,0.017042867
LARNED,IWA6681,5A,AA,0.010528451
KAW61,IWA6681,5A,BB,0.015851898
STANTON,IWA6681,5A,AA,0.018078741
PARKER76,IWA6681,5A,BB,0.012693819
TASCOSA,IWA6681,5A,BB,0.01850661
TREGO,IWA6681,5A,AA,0.012673164
KIRWIN,IWA6681,5A,BB,0.014867731
BISON,IWA6681,5A,BB,0.016052778
KARL_92,IWA6681,5A,AA,0.011875314
SAGE,IWA6681,5A,AA,0.01190087
KIOWA,IWA6681,5A,BB,0.015455915
DODGE,IWA6681,5A,AA,0.016481173
TRISON,IWA6681,5A,BB,0.009443305
COMANCHE,IWA6681,5A,BB,0.017597803
NORKAN,IWA6681,5A,AA,0.016291771
EAGLE,IWA6681,5A,AA,0.014993305
CHENEY,IWA6681,5A,AA,0.017142455
SHAWNEE,IWA6681,5A,BB,0.016420339
HEYNE,IWA6681,5A,AA,0.012572506
2145,IWA6681,5A,AA,0.012524554
BAKERS_WHITE,IWA6681,5A,AA,0.014097149
BURCHETT,IWA6681,5A,AA,0.014069236
CO940610,IWA6681,5A,AA,0.012292605
COSSACK,IWA6681,5A,AA,0.019474554
CUTTER,IWA6681,5A,AA,0.012945195
DUMAS,IWA6681,5A,AA,0.012028335
ENHANCER,IWA6681,5A,BB,0.020209185
HONDO,IWA6681,5A,AA,0.015156206
JAGALENE,IWA6681,5A,AA,0.013329363
KEOTA,IWA6681,5A,AA,0.015353899
KS00F5_20_3,IWA6681,5A,AA,0.015998465
LONGHORN,IWA6681,5A,BB,0.010852778
NEOSHO,IWA6681,5A,AA,0.010550629
NUHORIZON,IWA6681,5A,AA,0.012020331
OGALLALA,IWA6681,5A,AA,0.015206206
ONAGA,IWA6681,5A,BB,0.014755915
RONL,IWA6681,5A,AA,0.012182633
SANTA_FE,IWA6681,5A,AA,0.00920988
SETTLER_CL,IWA6681,5A,AA,0.013685911
THUNDER_CL,IWA6681,5A,AA,0.012950273
THUNDERBOLT,IWA6681,5A,AA,0.019621284
VENANGO,IWA6681,5A,BB,0.01180988
W04_417,IWA6681,5A,AA,0.009547803
WB411W,IWA6681,5A,AA,0.014023189
AKRON,IWA1752,5A,BB,0.012972377
CAMELOT,IWA1752,5A,BB,0.013271057
CO04W320,IWA1752,5A,AA,0.014201807
LINDON,IWA1752,5A,BB,0.015859373
MILLENNIUM,IWA1752,5A,AA,0.012246445
NUFRONTIER,IWA1752,5A,AA,0.013121284
OK_RISING,IWA1752,5A,AA,0.014688265
OK10119,IWA1752,5A,AA,0.010008042
OK1068002,IWA1752,5A,AA,0.014804905
OVERLAND,IWA1752,5A,AA,0.01101577
PETE,IWA1752,5A,BB,0.0143124
POSTROCK,IWA1752,5A,AA,0.01377077
GALLAGHER,IWA1752,5A,AA,0.012999276
CENTURA,IWA1752,5A,BB,0.016696445
REDLAND,IWA1752,5A,AA,0.00811577
TAM107_R7,IWA1752,5A,AA,0.011909848
TAM203,IWA1752,5A,BB,0.013645344
TAM400,IWA1752,5A,AA,0.01506753
TX86A6880,IWA1752,5A,AA,0.01262333
MT9513,IWA1752,5A,AA,0.012997755
TX05V7269,IWA1752,5A,BB,0.011531605
TX05A001188,IWA1752,5A,AA,0.012106048
BILLINGS,IWA1752,5A,AA,0.008461035
DANBY,IWA1752,5A,AA,0.01224993
E2041,IWA1752,5A,BB,0.01826169
DENALI,IWA1752,5A,BB,0.016059541
CO050337_2,IWA1752,5A,BB,0.011806715
BYRD,IWA1752,5A,AA,0.016665522
CO07W245,IWA1752,5A,BB,0.015565118
MCGILL,IWA1752,5A,AA,0.013388275
NE02558,IWA1752,5A,AA,0.012654107
NW03666,IWA1752,5A,AA,0.012380196
NE04490,IWA1752,5A,AA,0.011928148
NE05430,IWA1752,5A,BB,0.020328831
NE05496,IWA1752,5A,AA,0.01601169
NE05548,IWA1752,5A,AA,0.011379682
NE06545,IWA1752,5A,BB,0.013509541
NE06607,IWA1752,5A,AA,0.013729243
ROBIDOUX,IWA1752,5A,AA,0.010614827
NI06736,IWA1752,5A,AA,0.012787247
NI06737,IWA1752,5A,AA,0.011256061
NI07703,IWA1752,5A,AA,0.010138275
NI08707,IWA1752,5A,AA,0.018254107
NI08708,IWA1752,5A,BB,0.012815118
BRONZE,IWA1752,5A,BB,0.0177937
NELL,IWA1752,5A,AA,0.015671172
WINOKA,IWA1752,5A,BB,0.018152731
ENDURANCE,IWA1752,5A,AA,0.019369451
AGATE,IWA1752,5A,AA,0.011331367
CENTERFIELD,IWA1752,5A,BB,0.011043894
CENTURK78,IWA1752,5A,BB,0.01437231
COLT,IWA1752,5A,AA,0.013120356
SCOUT66,IWA1752,5A,AA,0.011771751
OK05303,IWA1752,5A,BB,0.012796366
OK05312,IWA1752,5A,AA,0.010947061
OK05134,IWA1752,5A,NA,0.012396656
OK05526,IWA1752,5A,BB,0.009791079
OK05830,IWA1752,5A,AA,0.010785646
OK04507,IWA1752,5A,BB,0.010788254
PRONGHORN,IWA1752,5A,AA,0.012512945
HALLAM,IWA1752,5A,AA,0.018081076
ROSE,IWA1752,5A,AA,0.011987078
DAWN,IWA1752,5A,AA,0.015096135
OK05511,IWA1752,5A,AA,0.013409687
CRIMSON,IWA1752,5A,AA,0.012359165
TANDEM,IWA1752,5A,AA,0.012511213
GUYMON,IWA1752,5A,AA,0.010488919
DUSTER,IWA1752,5A,AA,0.014111447
OK05711W,IWA1752,5A,AA,0.012461735
OK02405,IWA1752,5A,AA,0.010661886
GARRISON,IWA1752,5A,AA,0.014110782
OK05723W,IWA1752,5A,AA,0.012938254
OK05122,IWA1752,5A,AA,0.0102376
SD05118,IWA1752,5A,BB,0.018542707
SD05W018,IWA1752,5A,AA,0.012359165
OK04505,IWA1752,5A,AA,0.014186311
OK04525,IWA1752,5A,BB,0.014147726
OK04415,IWA1752,5A,BB,0.008793229
OK04111,IWA1752,5A,BB,0.012246656
TURKEY_NEBSEL,IWA1752,5A,AA,0.012394504
CENTURY,IWA1752,5A,AA,0.0109124
CUSTER,IWA1752,5A,AA,0.011970479
CHEYENNE,IWA1752,5A,AA,0.013895492
WENDY,IWA1752,5A,AA,0.016492707
HARDING,IWA1752,5A,AA,0.014829574
TRIUMPH64,IWA1752,5A,AA,0.015288919
CHISHOLM,IWA1752,5A,AA,0.013236311
OK06318,IWA1752,5A,AA,0.01501037
OK06336,IWA1752,5A,BB,0.018418786
DARRELL,IWA1752,5A,AA,0.013645844
GENT,IWA1752,5A,AA,0.015429979
OK06210,IWA1752,5A,AA,0.01376122
OK06319,IWA1752,5A,NA,0.01671037
KHARKOF,IWA1752,5A,AA,0.013495931
CULVER,IWA1752,5A,AA,0.01347579
ANTELOPE,IWA1752,5A,AA,0.016386424
BUCKSKIN,IWA1752,5A,AA,0.01374508
NIOBRARA,IWA1752,5A,AA,0.011735911
DELIVER,IWA1752,5A,AA,0.010097322
OK_BULLET,IWA1752,5A,AA,0.016110352
INTRADA,IWA1752,5A,AA,0.010291745
OK101,IWA1752,5A,BB,0.011120479
LANCER,IWA1752,5A,AA,0.009271751
WICHITA,IWA1752,5A,AA,0.017466105
WARRIOR,IWA1752,5A,AA,0.011743476
MACE,IWA1752,5A,AA,0.012360699
HARRY,IWA1752,5A,AA,0.012431771
VISTA,IWA1752,5A,BB,0.019536426
JERRY,IWA1752,5A,AA,0.010968264
GOODSTREAK,IWA1752,5A,BB,0.016872964
ARLIN,IWA1752,5A,AA,0.011169292
GAGE,IWA1752,5A,BB,0.010977939
WINDSTAR,IWA1752,5A,AA,0.01456792
NE99495,IWA1752,5A,BB,0.018734377
RAWHIDE,IWA1752,5A,AA,0.011121347
JAGGER,IWA1752,5A,AA,0.015412945
BENNETT,IWA1752,5A,AA,0.016753496
LYMAN,IWA1752,5A,AA,0.010018264
SD01058,IWA1752,5A,AA,0.012637732
SD01237,IWA1752,5A,AA,0.010540558
WAHOO,IWA1752,5A,AA,0.014835061
WESLEY,IWA1752,5A,BB,0.017685473
ALICE,IWA1752,5A,AA,0.010885124
ARAPAHOE,IWA1752,5A,AA,0.016153496
NEKOTA,IWA1752,5A,AA,0.015809848
ANTON,IWA1752,5A,AA,0.01071026
HOMESTEAD,IWA1752,5A,AA,0.01189508
OK05204,IWA1752,5A,AA,0.014919813
INFINITY_CL,IWA1752,5A,AA,0.01177579
OK06114,IWA1752,5A,AA,0.016510782
SIOUXLAND,IWA1752,5A,AA,0.014143476
OK05108,IWA1752,5A,BB,0.0186376
RITA,IWA1752,5A,AA,0.012043288
G1878,IWA1752,5A,AA,0.014271172
HV9W03_1379R,IWA1752,5A,AA,0.013870518
HV9W03_1551WP,IWA1752,5A,BB,0.012244138
SPARTAN,IWA1752,5A,BB,0.021376147
HV906_865,IWA1752,5A,BB,0.010979979
PROWERS,IWA1752,5A,AA,0.010444493
HV9W03_1596R,IWA1752,5A,AA,0.010270518
HV9W05_1280R,IWA1752,5A,AA,0.012494653
HV9W06_504,IWA1752,5A,AA,0.016929284
SMOKYHILL,IWA1752,5A,BB,0.007823997
ABOVE,IWA1752,5A,AA,0.011906466
VONA,IWA1752,5A,BB,0.015952731
SANDY,IWA1752,5A,AA,0.011276233
HAIL,IWA1752,5A,BB,0.018233816
BOND_CL,IWA1752,5A,AA,0.013552322
PLATTE,IWA1752,5A,AA,0.0133604
CO03W043,IWA1752,5A,AA,0.013428841
CO03W054,IWA1752,5A,AA,0.011678187
CO04025,IWA1752,5A,AA,0.014986953
CO04393,IWA1752,5A,AA,0.009987648
CO04499,IWA1752,5A,AA,0.011703736
LAMAR,IWA1752,5A,AA,0.008481666
CARSON,IWA1752,5A,BB,0.014126233
AVALANCHE,IWA1752,5A,AA,0.014681666
HALT,IWA1752,5A,AA,0.013236953
HATCHER,IWA1752,5A,AA,0.015001369
PRAIRIE_RED,IWA1752,5A,AA,0.011278187
YUMAR,IWA1752,5A,AA,0.013500273
SHOCKER,IWA1752,5A,AA,0.018892605
CO03064,IWA1752,5A,AA,0.01039381
BILL_BROWN,IWA1752,5A,AA,0.01923078
RIPPER,IWA1752,5A,AA,0.011931184
TARKIO,IWA1752,5A,AA,0.011051704
YUMA,IWA1752,5A,AA,0.015044905
JULES,IWA1752,5A,BB,0.018425203
LOCKETT,IWA1752,5A,AA,0.011769064
TAM302,IWA1752,5A,AA,0.013695858
TAM303,IWA1752,5A,AA,0.015845344
CAPROCK,IWA1752,5A,BB,0.018893489
TAM200,IWA1752,5A,AA,0.011594905
TAM112,IWA1752,5A,AA,0.017469769
TAM401,IWA1752,5A,BB,0.011945444
TAMW_101,IWA1752,5A,BB,0.019671723
TX01A5936,IWA1752,5A,AA,0.007746098
TAM105,IWA1752,5A,AA,0.018753937
TX86A8072,IWA1752,5A,AA,0.017000363
TAM304,IWA1752,5A,BB,0.011219578
TAM202,IWA1752,5A,AA,0.013177352
STURDY,IWA1752,5A,BB,0.016426629
TX86A5606,IWA1752,5A,AA,0.011972479
TX03A0563,IWA1752,5A,AA,0.013604904
TX03A0148,IWA1752,5A,AA,0.012126629
TX02A0252,IWA1752,5A,AA,0.010304209
TX04V075080,IWA1752,5A,AA,0.0135545
TX04M410211,IWA1752,5A,AA,0.011268214
MIT,IWA1752,5A,BB,0.021768625
STURDY_2K,IWA1752,5A,BB,0.026851073
2180,IWA1752,5A,BB,0.016158475
TAM107,IWA1752,5A,AA,0.011952909
HG_9,IWA1752,5A,AA,0.019323844
TX96D1073,IWA1752,5A,BB,0.010705338
TX99A0153_1,IWA1752,5A,AA,0.008898923
TX04M410164,IWA1752,5A,AA,0.0111045
TAM111,IWA1752,5A,BB,0.018427352
TX00V1131,IWA1752,5A,AA,0.007354904
TX01M5009_28,IWA1752,5A,AA,0.015318625
TX04A001246,IWA1752,5A,AA,0.010904209
TAM110,IWA1752,5A,AA,0.013730489
TAM109,IWA1752,5A,BB,0.01739381
TX01V5134RC_3,IWA1752,5A,AA,0.013677657
TX99U8618,IWA1752,5A,AA,0.010099709
HUME,IWA1752,5A,BB,0.011718564
2174_05,IWA1752,5A,BB,0.017919451
CREST,IWA1752,5A,AA,0.01105917
ROSEBUD,IWA1752,5A,AA,0.019647755
DECADE,IWA1752,5A,AA,0.017269685
MT06103,IWA1752,5A,BB,0.016928451
TX06A001263,IWA1752,5A,AA,0.015451073
TX05A001822,IWA1752,5A,AA,0.012359476
TX06A001132,IWA1752,5A,AA,0.016073601
TX06A001281,IWA1752,5A,BB,0.012323189
TX05V7259,IWA1752,5A,BB,0.016448465
TX07A001279,IWA1752,5A,AA,0.012722046
TX07A001318,IWA1752,5A,BB,0.015258736
TX07A001420,IWA1752,5A,BB,0.014822046
TX06V7266,IWA1752,5A,AA,0.017408332
OK1067071,IWA1752,5A,NA,0.012480462
OK1067274,IWA1752,5A,AA,0.012322896
OK1068009,IWA1752,5A,BB,0.013681489
OK1068026,IWA1752,5A,BB,0.018622458
OK1068112,IWA1752,5A,AA,0.017931489
OK1070275,IWA1752,5A,AA,0.011871362
OK1070267,IWA1752,5A,AA,0.019397322
OK09634,IWA1752,5A,AA,0.012023411
OK07231,IWA1752,5A,AA,0.010308332
OK07S117,IWA1752,5A,AA,0.012452755
OK08328,IWA1752,5A,BB,0.011771362
TX06A001386,IWA1752,5A,AA,0.011400419
LAKIN,IWA1752,5A,AA,0.008523164
OVERLEY,IWA1752,5A,AA,0.01452404
BIG_SKY,IWA1752,5A,AA,0.012622896
MT0495,IWA1752,5A,BB,0.016055338
MT85200,IWA1752,5A,BB,0.015631923
ALLIANCE,IWA1752,5A,BB,0.019144397
MTS0531,IWA1752,5A,AA,0.015272891
FULLER,IWA1752,5A,AA,0.013273601
NUSKY,IWA1752,5A,AA,0.012921796
GENOU,IWA1752,5A,AA,0.01752333
COUGAR,IWA1752,5A,AA,0.012154524
YELLOWSTONE,IWA1752,5A,BB,0.01315917
MT9982,IWA1752,5A,BB,0.016899709
EXPEDITION,IWA1752,5A,AA,0.014995844
JUDEE,IWA1752,5A,AA,0.011901898
MT9904,IWA1752,5A,AA,0.011930895
NUPLAINS,IWA1752,5A,BB,0.011460337
OK102,IWA1752,5A,BB,0.010697031
NORRIS,IWA1752,5A,AA,0.020103189
DUKE,IWA1752,5A,BB,0.011637243
JUDITH,IWA1752,5A,BB,0.012708766
SD05210,IWA1752,5A,AA,0.009896539
NEWTON,IWA1752,5A,AA,0.014192867
PARKER,IWA1752,5A,AA,0.017042867
LARNED,IWA1752,5A,AA,0.010528451
KAW61,IWA1752,5A,BB,0.015851898
STANTON,IWA1752,5A,AA,0.018078741
PARKER76,IWA1752,5A,BB,0.012693819
TASCOSA,IWA1752,5A,BB,0.01850661
TREGO,IWA1752,5A,AA,0.012673164
KIRWIN,IWA1752,5A,BB,0.014867731
BISON,IWA1752,5A,BB,0.016052778
KARL_92,IWA1752,5A,AA,0.011875314
SAGE,IWA1752,5A,AA,0.01190087
KIOWA,IWA1752,5A,BB,0.015455915
DODGE,IWA1752,5A,AA,0.016481173
TRISON,IWA1752,5A,BB,0.009443305
COMANCHE,IWA1752,5A,BB,0.017597803
NORKAN,IWA1752,5A,AA,0.016291771
EAGLE,IWA1752,5A,AA,0.014993305
CHENEY,IWA1752,5A,AA,0.017142455
SHAWNEE,IWA1752,5A,BB,0.016420339
HEYNE,IWA1752,5A,AA,0.012572506
2145,IWA1752,5A,AA,0.012524554
BAKERS_WHITE,IWA1752,5A,AA,0.014097149
BURCHETT,IWA1752,5A,AA,0.014069236
CO940610,IWA1752,5A,AA,0.012292605
COSSACK,IWA1752,5A,AA,0.019474554
CUTTER,IWA1752,5A,AA,0.012945195
DUMAS,IWA1752,5A,AA,0.012028335
ENHANCER,IWA1752,5A,BB,0.020209185
HONDO,IWA1752,5A,AA,0.015156206
JAGALENE,IWA1752,5A,AA,0.013329363
KEOTA,IWA1752,5A,AA,0.015353899
KS00F5_20_3,IWA1752,5A,AA,0.015998465
LONGHORN,IWA1752,5A,BB,0.010852778
NEOSHO,IWA1752,5A,AA,0.010550629
NUHORIZON,IWA1752,5A,AA,0.012020331
OGALLALA,IWA1752,5A,AA,0.015206206
ONAGA,IWA1752,5A,BB,0.014755915
RONL,IWA1752,5A,AA,0.012182633
SANTA_FE,IWA1752,5A,AA,0.00920988
SETTLER_CL,IWA1752,5A,AA,0.013685911
THUNDER_CL,IWA1752,5A,AA,0.012950273
THUNDERBOLT,IWA1752,5A,AA,0.019621284
VENANGO,IWA1752,5A,BB,0.01180988
W04_417,IWA1752,5A,AA,0.009547803
WB411W,IWA1752,5A,AA,0.014023189
AKRON,IAAV3067,2B,AA,0.012972377
CAMELOT,IAAV3067,2B,AA,0.013271057
CO04W320,IAAV3067,2B,AA,0.014201807
LINDON,IAAV3067,2B,AA,0.015859373
MILLENNIUM,IAAV3067,2B,AA,0.012246445
NUFRONTIER,IAAV3067,2B,AA,0.013121284
OK_RISING,IAAV3067,2B,AA,0.014688265
OK10119,IAAV3067,2B,AA,0.010008042
OK1068002,IAAV3067,2B,AA,0.014804905
OVERLAND,IAAV3067,2B,AA,0.01101577
PETE,IAAV3067,2B,AA,0.0143124
POSTROCK,IAAV3067,2B,AA,0.01377077
GALLAGHER,IAAV3067,2B,AA,0.012999276
CENTURA,IAAV3067,2B,AA,0.016696445
REDLAND,IAAV3067,2B,AA,0.00811577
TAM107_R7,IAAV3067,2B,AA,0.011909848
TAM203,IAAV3067,2B,AA,0.013645344
TAM400,IAAV3067,2B,AA,0.01506753
TX86A6880,IAAV3067,2B,AA,0.01262333
MT9513,IAAV3067,2B,AA,0.012997755
TX05V7269,IAAV3067,2B,AA,0.011531605
TX05A001188,IAAV3067,2B,AA,0.012106048
BILLINGS,IAAV3067,2B,AA,0.008461035
DANBY,IAAV3067,2B,AA,0.01224993
E2041,IAAV3067,2B,NA,0.01826169
DENALI,IAAV3067,2B,AA,0.016059541
CO050337_2,IAAV3067,2B,AA,0.011806715
BYRD,IAAV3067,2B,AA,0.016665522
CO07W245,IAAV3067,2B,AA,0.015565118
MCGILL,IAAV3067,2B,AA,0.013388275
NE02558,IAAV3067,2B,AA,0.012654107
NW03666,IAAV3067,2B,AA,0.012380196
NE04490,IAAV3067,2B,AA,0.011928148
NE05430,IAAV3067,2B,AA,0.020328831
NE05496,IAAV3067,2B,AA,0.01601169
NE05548,IAAV3067,2B,AA,0.011379682
NE06545,IAAV3067,2B,AA,0.013509541
NE06607,IAAV3067,2B,AA,0.013729243
ROBIDOUX,IAAV3067,2B,AA,0.010614827
NI06736,IAAV3067,2B,AA,0.012787247
NI06737,IAAV3067,2B,AA,0.011256061
NI07703,IAAV3067,2B,AA,0.010138275
NI08707,IAAV3067,2B,AA,0.018254107
NI08708,IAAV3067,2B,AA,0.012815118
BRONZE,IAAV3067,2B,AA,0.0177937
NELL,IAAV3067,2B,AA,0.015671172
WINOKA,IAAV3067,2B,AA,0.018152731
ENDURANCE,IAAV3067,2B,BB,0.019369451
AGATE,IAAV3067,2B,AA,0.011331367
CENTERFIELD,IAAV3067,2B,AA,0.011043894
CENTURK78,IAAV3067,2B,AA,0.01437231
COLT,IAAV3067,2B,AA,0.013120356
SCOUT66,IAAV3067,2B,AA,0.011771751
OK05303,IAAV3067,2B,AA,0.012796366
OK05312,IAAV3067,2B,AA,0.010947061
OK05134,IAAV3067,2B,AA,0.012396656
OK05526,IAAV3067,2B,AA,0.009791079
OK05830,IAAV3067,2B,BB,0.010785646
OK04507,IAAV3067,2B,AA,0.010788254
PRONGHORN,IAAV3067,2B,AA,0.012512945
HALLAM,IAAV3067,2B,AA,0.018081076
ROSE,IAAV3067,2B,AA,0.011987078
DAWN,IAAV3067,2B,AA,0.015096135
OK05511,IAAV3067,2B,AA,0.013409687
CRIMSON,IAAV3067,2B,AA,0.012359165
TANDEM,IAAV3067,2B,AA,0.012511213
GUYMON,IAAV3067,2B,AA,0.010488919
DUSTER,IAAV3067,2B,AA,0.014111447
OK05711W,IAAV3067,2B,AA,0.012461735
OK02405,IAAV3067,2B,AA,0.010661886
GARRISON,IAAV3067,2B,AA,0.014110782
OK05723W,IAAV3067,2B,AA,0.012938254
OK05122,IAAV3067,2B,AA,0.0102376
SD05118,IAAV3067,2B,AA,0.018542707
SD05W018,IAAV3067,2B,AA,0.012359165
OK04505,IAAV3067,2B,AA,0.014186311
OK04525,IAAV3067,2B,AA,0.014147726
OK04415,IAAV3067,2B,AA,0.008793229
OK04111,IAAV3067,2B,AA,0.012246656
TURKEY_NEBSEL,IAAV3067,2B,BB,0.012394504
CENTURY,IAAV3067,2B,AA,0.0109124
CUSTER,IAAV3067,2B,AA,0.011970479
CHEYENNE,IAAV3067,2B,AA,0.013895492
WENDY,IAAV3067,2B,AA,0.016492707
HARDING,IAAV3067,2B,AA,0.014829574
TRIUMPH64,IAAV3067,2B,AA,0.015288919
CHISHOLM,IAAV3067,2B,AA,0.013236311
OK06318,IAAV3067,2B,AA,0.01501037
OK06336,IAAV3067,2B,AA,0.018418786
DARRELL,IAAV3067,2B,AA,0.013645844
GENT,IAAV3067,2B,AA,0.015429979
OK06210,IAAV3067,2B,AA,0.01376122
OK06319,IAAV3067,2B,AA,0.01671037
KHARKOF,IAAV3067,2B,AA,0.013495931
CULVER,IAAV3067,2B,AA,0.01347579
ANTELOPE,IAAV3067,2B,AA,0.016386424
BUCKSKIN,IAAV3067,2B,AA,0.01374508
NIOBRARA,IAAV3067,2B,AA,0.011735911
DELIVER,IAAV3067,2B,AA,0.010097322
OK_BULLET,IAAV3067,2B,AA,0.016110352
INTRADA,IAAV3067,2B,AA,0.010291745
OK101,IAAV3067,2B,AA,0.011120479
LANCER,IAAV3067,2B,AA,0.009271751
WICHITA,IAAV3067,2B,AA,0.017466105
WARRIOR,IAAV3067,2B,AA,0.011743476
MACE,IAAV3067,2B,AA,0.012360699
HARRY,IAAV3067,2B,AA,0.012431771
VISTA,IAAV3067,2B,BB,0.019536426
JERRY,IAAV3067,2B,AA,0.010968264
GOODSTREAK,IAAV3067,2B,AA,0.016872964
ARLIN,IAAV3067,2B,AA,0.011169292
GAGE,IAAV3067,2B,BB,0.010977939
WINDSTAR,IAAV3067,2B,AA,0.01456792
NE99495,IAAV3067,2B,AA,0.018734377
RAWHIDE,IAAV3067,2B,AA,0.011121347
JAGGER,IAAV3067,2B,AA,0.015412945
BENNETT,IAAV3067,2B,AA,0.016753496
LYMAN,IAAV3067,2B,AA,0.010018264
SD01058,IAAV3067,2B,AA,0.012637732
SD01237,IAAV3067,2B,AA,0.010540558
WAHOO,IAAV3067,2B,AA,0.014835061
WESLEY,IAAV3067,2B,AA,0.017685473
ALICE,IAAV3067,2B,AA,0.010885124
ARAPAHOE,IAAV3067,2B,AA,0.016153496
NEKOTA,IAAV3067,2B,AA,0.015809848
ANTON,IAAV3067,2B,AA,0.01071026
HOMESTEAD,IAAV3067,2B,AA,0.01189508
OK05204,IAAV3067,2B,AA,0.014919813
INFINITY_CL,IAAV3067,2B,AA,0.01177579
OK06114,IAAV3067,2B,BB,0.016510782
SIOUXLAND,IAAV3067,2B,AA,0.014143476
OK05108,IAAV3067,2B,AA,0.0186376
RITA,IAAV3067,2B,AA,0.012043288
G1878,IAAV3067,2B,AA,0.014271172
HV9W03_1379R,IAAV3067,2B,AA,0.013870518
HV9W03_1551WP,IAAV3067,2B,BB,0.012244138
SPARTAN,IAAV3067,2B,BB,0.021376147
HV906_865,IAAV3067,2B,NA,0.010979979
PROWERS,IAAV3067,2B,AA,0.010444493
HV9W03_1596R,IAAV3067,2B,AA,0.010270518
HV9W05_1280R,IAAV3067,2B,BB,0.012494653
HV9W06_504,IAAV3067,2B,AA,0.016929284
SMOKYHILL,IAAV3067,2B,AA,0.007823997
ABOVE,IAAV3067,2B,AA,0.011906466
VONA,IAAV3067,2B,AA,0.015952731
SANDY,IAAV3067,2B,AA,0.011276233
HAIL,IAAV3067,2B,AA,0.018233816
BOND_CL,IAAV3067,2B,AA,0.013552322
PLATTE,IAAV3067,2B,AA,0.0133604
CO03W043,IAAV3067,2B,AA,0.013428841
CO03W054,IAAV3067,2B,AA,0.011678187
CO04025,IAAV3067,2B,AA,0.014986953
CO04393,IAAV3067,2B,AA,0.009987648
CO04499,IAAV3067,2B,AA,0.011703736
LAMAR,IAAV3067,2B,AA,0.008481666
CARSON,IAAV3067,2B,AA,0.014126233
AVALANCHE,IAAV3067,2B,AA,0.014681666
HALT,IAAV3067,2B,AA,0.013236953
HATCHER,IAAV3067,2B,AA,0.015001369
PRAIRIE_RED,IAAV3067,2B,AA,0.011278187
YUMAR,IAAV3067,2B,AA,0.013500273
SHOCKER,IAAV3067,2B,AA,0.018892605
CO03064,IAAV3067,2B,AA,0.01039381
BILL_BROWN,IAAV3067,2B,AA,0.01923078
RIPPER,IAAV3067,2B,AA,0.011931184
TARKIO,IAAV3067,2B,AA,0.011051704
YUMA,IAAV3067,2B,AA,0.015044905
JULES,IAAV3067,2B,AA,0.018425203
LOCKETT,IAAV3067,2B,AA,0.011769064
TAM302,IAAV3067,2B,AA,0.013695858
TAM303,IAAV3067,2B,AA,0.015845344
CAPROCK,IAAV3067,2B,BB,0.018893489
TAM200,IAAV3067,2B,AA,0.011594905
TAM112,IAAV3067,2B,AA,0.017469769
TAM401,IAAV3067,2B,AA,0.011945444
TAMW_101,IAAV3067,2B,BB,0.019671723
TX01A5936,IAAV3067,2B,AA,0.007746098
TAM105,IAAV3067,2B,AA,0.018753937
TX86A8072,IAAV3067,2B,AA,0.017000363
TAM304,IAAV3067,2B,AA,0.011219578
TAM202,IAAV3067,2B,AA,0.013177352
STURDY,IAAV3067,2B,BB,0.016426629
TX86A5606,IAAV3067,2B,AA,0.011972479
TX03A0563,IAAV3067,2B,AA,0.013604904
TX03A0148,IAAV3067,2B,AA,0.012126629
TX02A0252,IAAV3067,2B,AA,0.010304209
TX04V075080,IAAV3067,2B,AA,0.0135545
TX04M410211,IAAV3067,2B,AA,0.011268214
MIT,IAAV3067,2B,BB,0.021768625
STURDY_2K,IAAV3067,2B,BB,0.026851073
2180,IAAV3067,2B,BB,0.016158475
TAM107,IAAV3067,2B,AA,0.011952909
HG_9,IAAV3067,2B,AA,0.019323844
TX96D1073,IAAV3067,2B,AA,0.010705338
TX99A0153_1,IAAV3067,2B,AA,0.008898923
TX04M410164,IAAV3067,2B,AA,0.0111045
TAM111,IAAV3067,2B,AA,0.018427352
TX00V1131,IAAV3067,2B,AA,0.007354904
TX01M5009_28,IAAV3067,2B,AA,0.015318625
TX04A001246,IAAV3067,2B,AA,0.010904209
TAM110,IAAV3067,2B,AA,0.013730489
TAM109,IAAV3067,2B,BB,0.01739381
TX01V5134RC_3,IAAV3067,2B,AA,0.013677657
TX99U8618,IAAV3067,2B,AA,0.010099709
HUME,IAAV3067,2B,AA,0.011718564
2174_05,IAAV3067,2B,AA,0.017919451
CREST,IAAV3067,2B,AA,0.01105917
ROSEBUD,IAAV3067,2B,AA,0.019647755
DECADE,IAAV3067,2B,AA,0.017269685
MT06103,IAAV3067,2B,AA,0.016928451
TX06A001263,IAAV3067,2B,AA,0.015451073
TX05A001822,IAAV3067,2B,AA,0.012359476
TX06A001132,IAAV3067,2B,AA,0.016073601
TX06A001281,IAAV3067,2B,AA,0.012323189
TX05V7259,IAAV3067,2B,AA,0.016448465
TX07A001279,IAAV3067,2B,AA,0.012722046
TX07A001318,IAAV3067,2B,AA,0.015258736
TX07A001420,IAAV3067,2B,AA,0.014822046
TX06V7266,IAAV3067,2B,BB,0.017408332
OK1067071,IAAV3067,2B,AA,0.012480462
OK1067274,IAAV3067,2B,BB,0.012322896
OK1068009,IAAV3067,2B,AA,0.013681489
OK1068026,IAAV3067,2B,AA,0.018622458
OK1068112,IAAV3067,2B,AA,0.017931489
OK1070275,IAAV3067,2B,NA,0.011871362
OK1070267,IAAV3067,2B,AA,0.019397322
OK09634,IAAV3067,2B,AA,0.012023411
OK07231,IAAV3067,2B,AA,0.010308332
OK07S117,IAAV3067,2B,BB,0.012452755
OK08328,IAAV3067,2B,AA,0.011771362
TX06A001386,IAAV3067,2B,AA,0.011400419
LAKIN,IAAV3067,2B,AA,0.008523164
OVERLEY,IAAV3067,2B,AA,0.01452404
BIG_SKY,IAAV3067,2B,AA,0.012622896
MT0495,IAAV3067,2B,AA,0.016055338
MT85200,IAAV3067,2B,AA,0.015631923
ALLIANCE,IAAV3067,2B,AA,0.019144397
MTS0531,IAAV3067,2B,NA,0.015272891
FULLER,IAAV3067,2B,AA,0.013273601
NUSKY,IAAV3067,2B,AA,0.012921796
GENOU,IAAV3067,2B,AA,0.01752333
COUGAR,IAAV3067,2B,AA,0.012154524
YELLOWSTONE,IAAV3067,2B,AA,0.01315917
MT9982,IAAV3067,2B,AA,0.016899709
EXPEDITION,IAAV3067,2B,AA,0.014995844
JUDEE,IAAV3067,2B,AA,0.011901898
MT9904,IAAV3067,2B,AA,0.011930895
NUPLAINS,IAAV3067,2B,AA,0.011460337
OK102,IAAV3067,2B,AA,0.010697031
NORRIS,IAAV3067,2B,AA,0.020103189
DUKE,IAAV3067,2B,AA,0.011637243
JUDITH,IAAV3067,2B,AA,0.012708766
SD05210,IAAV3067,2B,AA,0.009896539
NEWTON,IAAV3067,2B,AA,0.014192867
PARKER,IAAV3067,2B,NA,0.017042867
LARNED,IAAV3067,2B,AA,0.010528451
KAW61,IAAV3067,2B,BB,0.015851898
STANTON,IAAV3067,2B,AA,0.018078741
PARKER76,IAAV3067,2B,AA,0.012693819
TASCOSA,IAAV3067,2B,AA,0.01850661
TREGO,IAAV3067,2B,AA,0.012673164
KIRWIN,IAAV3067,2B,AA,0.014867731
BISON,IAAV3067,2B,AA,0.016052778
KARL_92,IAAV3067,2B,AA,0.011875314
SAGE,IAAV3067,2B,AA,0.01190087
KIOWA,IAAV3067,2B,AA,0.015455915
DODGE,IAAV3067,2B,AA,0.016481173
TRISON,IAAV3067,2B,AA,0.009443305
COMANCHE,IAAV3067,2B,AA,0.017597803
NORKAN,IAAV3067,2B,AA,0.016291771
EAGLE,IAAV3067,2B,AA,0.014993305
CHENEY,IAAV3067,2B,AA,0.017142455
SHAWNEE,IAAV3067,2B,BB,0.016420339
HEYNE,IAAV3067,2B,AA,0.012572506
2145,IAAV3067,2B,AA,0.012524554
BAKERS_WHITE,IAAV3067,2B,AA,0.014097149
BURCHETT,IAAV3067,2B,AA,0.014069236
CO940610,IAAV3067,2B,NA,0.012292605
COSSACK,IAAV3067,2B,AA,0.019474554
CUTTER,IAAV3067,2B,AA,0.012945195
DUMAS,IAAV3067,2B,AA,0.012028335
ENHANCER,IAAV3067,2B,AA,0.020209185
HONDO,IAAV3067,2B,AA,0.015156206
JAGALENE,IAAV3067,2B,AA,0.013329363
KEOTA,IAAV3067,2B,AA,0.015353899
KS00F5_20_3,IAAV3067,2B,AA,0.015998465
LONGHORN,IAAV3067,2B,AA,0.010852778
NEOSHO,IAAV3067,2B,AA,0.010550629
NUHORIZON,IAAV3067,2B,AA,0.012020331
OGALLALA,IAAV3067,2B,AA,0.015206206
ONAGA,IAAV3067,2B,BB,0.014755915
RONL,IAAV3067,2B,AA,0.012182633
SANTA_FE,IAAV3067,2B,AA,0.00920988
SETTLER_CL,IAAV3067,2B,AA,0.013685911
THUNDER_CL,IAAV3067,2B,AA,0.012950273
THUNDERBOLT,IAAV3067,2B,AA,0.019621284
VENANGO,IAAV3067,2B,AA,0.01180988
W04_417,IAAV3067,2B,AA,0.009547803
WB411W,IAAV3067,2B,AA,0.014023189
AKRON,RAC875_c103094_120,2B,AA,0.012972377
CAMELOT,RAC875_c103094_120,2B,AA,0.013271057
CO04W320,RAC875_c103094_120,2B,AA,0.014201807
LINDON,RAC875_c103094_120,2B,AA,0.015859373
MILLENNIUM,RAC875_c103094_120,2B,AA,0.012246445
NUFRONTIER,RAC875_c103094_120,2B,AA,0.013121284
OK_RISING,RAC875_c103094_120,2B,AA,0.014688265
OK10119,RAC875_c103094_120,2B,AA,0.010008042
OK1068002,RAC875_c103094_120,2B,AA,0.014804905
OVERLAND,RAC875_c103094_120,2B,AA,0.01101577
PETE,RAC875_c103094_120,2B,AA,0.0143124
POSTROCK,RAC875_c103094_120,2B,AA,0.01377077
GALLAGHER,RAC875_c103094_120,2B,AA,0.012999276
CENTURA,RAC875_c103094_120,2B,AA,0.016696445
REDLAND,RAC875_c103094_120,2B,AA,0.00811577
TAM107_R7,RAC875_c103094_120,2B,AA,0.011909848
TAM203,RAC875_c103094_120,2B,AA,0.013645344
TAM400,RAC875_c103094_120,2B,AA,0.01506753
TX86A6880,RAC875_c103094_120,2B,AA,0.01262333
MT9513,RAC875_c103094_120,2B,AA,0.012997755
TX05V7269,RAC875_c103094_120,2B,AA,0.011531605
TX05A001188,RAC875_c103094_120,2B,AA,0.012106048
BILLINGS,RAC875_c103094_120,2B,AA,0.008461035
DANBY,RAC875_c103094_120,2B,AA,0.01224993
E2041,RAC875_c103094_120,2B,BB,0.01826169
DENALI,RAC875_c103094_120,2B,AA,0.016059541
CO050337_2,RAC875_c103094_120,2B,AA,0.011806715
BYRD,RAC875_c103094_120,2B,AA,0.016665522
CO07W245,RAC875_c103094_120,2B,AA,0.015565118
MCGILL,RAC875_c103094_120,2B,AA,0.013388275
NE02558,RAC875_c103094_120,2B,AA,0.012654107
NW03666,RAC875_c103094_120,2B,AA,0.012380196
NE04490,RAC875_c103094_120,2B,AA,0.011928148
NE05430,RAC875_c103094_120,2B,NA,0.020328831
NE05496,RAC875_c103094_120,2B,AA,0.01601169
NE05548,RAC875_c103094_120,2B,AA,0.011379682
NE06545,RAC875_c103094_120,2B,AA,0.013509541
NE06607,RAC875_c103094_120,2B,AA,0.013729243
ROBIDOUX,RAC875_c103094_120,2B,AA,0.010614827
NI06736,RAC875_c103094_120,2B,AA,0.012787247
NI06737,RAC875_c103094_120,2B,AA,0.011256061
NI07703,RAC875_c103094_120,2B,AA,0.010138275
NI08707,RAC875_c103094_120,2B,AA,0.018254107
NI08708,RAC875_c103094_120,2B,AA,0.012815118
BRONZE,RAC875_c103094_120,2B,AA,0.0177937
NELL,RAC875_c103094_120,2B,AA,0.015671172
WINOKA,RAC875_c103094_120,2B,AA,0.018152731
ENDURANCE,RAC875_c103094_120,2B,BB,0.019369451
AGATE,RAC875_c103094_120,2B,AA,0.011331367
CENTERFIELD,RAC875_c103094_120,2B,AA,0.011043894
CENTURK78,RAC875_c103094_120,2B,AA,0.01437231
COLT,RAC875_c103094_120,2B,AA,0.013120356
SCOUT66,RAC875_c103094_120,2B,AA,0.011771751
OK05303,RAC875_c103094_120,2B,AA,0.012796366
OK05312,RAC875_c103094_120,2B,AA,0.010947061
OK05134,RAC875_c103094_120,2B,AA,0.012396656
OK05526,RAC875_c103094_120,2B,AA,0.009791079
OK05830,RAC875_c103094_120,2B,BB,0.010785646
OK04507,RAC875_c103094_120,2B,AA,0.010788254
PRONGHORN,RAC875_c103094_120,2B,AA,0.012512945
HALLAM,RAC875_c103094_120,2B,AA,0.018081076
ROSE,RAC875_c103094_120,2B,AA,0.011987078
DAWN,RAC875_c103094_120,2B,AA,0.015096135
OK05511,RAC875_c103094_120,2B,AA,0.013409687
CRIMSON,RAC875_c103094_120,2B,AA,0.012359165
TANDEM,RAC875_c103094_120,2B,AA,0.012511213
GUYMON,RAC875_c103094_120,2B,AA,0.010488919
DUSTER,RAC875_c103094_120,2B,AA,0.014111447
OK05711W,RAC875_c103094_120,2B,AA,0.012461735
OK02405,RAC875_c103094_120,2B,AA,0.010661886
GARRISON,RAC875_c103094_120,2B,AA,0.014110782
OK05723W,RAC875_c103094_120,2B,AA,0.012938254
OK05122,RAC875_c103094_120,2B,AA,0.0102376
SD05118,RAC875_c103094_120,2B,AA,0.018542707
SD05W018,RAC875_c103094_120,2B,AA,0.012359165
OK04505,RAC875_c103094_120,2B,AA,0.014186311
OK04525,RAC875_c103094_120,2B,AA,0.014147726
OK04415,RAC875_c103094_120,2B,AA,0.008793229
OK04111,RAC875_c103094_120,2B,AA,0.012246656
TURKEY_NEBSEL,RAC875_c103094_120,2B,BB,0.012394504
CENTURY,RAC875_c103094_120,2B,AA,0.0109124
CUSTER,RAC875_c103094_120,2B,AA,0.011970479
CHEYENNE,RAC875_c103094_120,2B,AA,0.013895492
WENDY,RAC875_c103094_120,2B,AA,0.016492707
HARDING,RAC875_c103094_120,2B,AA,0.014829574
TRIUMPH64,RAC875_c103094_120,2B,AA,0.015288919
CHISHOLM,RAC875_c103094_120,2B,AA,0.013236311
OK06318,RAC875_c103094_120,2B,AA,0.01501037
OK06336,RAC875_c103094_120,2B,AA,0.018418786
DARRELL,RAC875_c103094_120,2B,AA,0.013645844
GENT,RAC875_c103094_120,2B,AA,0.015429979
OK06210,RAC875_c103094_120,2B,AA,0.01376122
OK06319,RAC875_c103094_120,2B,AA,0.01671037
KHARKOF,RAC875_c103094_120,2B,AA,0.013495931
CULVER,RAC875_c103094_120,2B,AA,0.01347579
ANTELOPE,RAC875_c103094_120,2B,AA,0.016386424
BUCKSKIN,RAC875_c103094_120,2B,AA,0.01374508
NIOBRARA,RAC875_c103094_120,2B,AA,0.011735911
DELIVER,RAC875_c103094_120,2B,AA,0.010097322
OK_BULLET,RAC875_c103094_120,2B,AA,0.016110352
INTRADA,RAC875_c103094_120,2B,AA,0.010291745
OK101,RAC875_c103094_120,2B,AA,0.011120479
LANCER,RAC875_c103094_120,2B,AA,0.009271751
WICHITA,RAC875_c103094_120,2B,AA,0.017466105
WARRIOR,RAC875_c103094_120,2B,AA,0.011743476
MACE,RAC875_c103094_120,2B,AA,0.012360699
HARRY,RAC875_c103094_120,2B,AA,0.012431771
VISTA,RAC875_c103094_120,2B,BB,0.019536426
JERRY,RAC875_c103094_120,2B,AA,0.010968264
GOODSTREAK,RAC875_c103094_120,2B,AA,0.016872964
ARLIN,RAC875_c103094_120,2B,AA,0.011169292
GAGE,RAC875_c103094_120,2B,BB,0.010977939
WINDSTAR,RAC875_c103094_120,2B,AA,0.01456792
NE99495,RAC875_c103094_120,2B,AA,0.018734377
RAWHIDE,RAC875_c103094_120,2B,AA,0.011121347
JAGGER,RAC875_c103094_120,2B,AA,0.015412945
BENNETT,RAC875_c103094_120,2B,AA,0.016753496
LYMAN,RAC875_c103094_120,2B,AA,0.010018264
SD01058,RAC875_c103094_120,2B,AA,0.012637732
SD01237,RAC875_c103094_120,2B,AA,0.010540558
WAHOO,RAC875_c103094_120,2B,AA,0.014835061
WESLEY,RAC875_c103094_120,2B,AA,0.017685473
ALICE,RAC875_c103094_120,2B,AA,0.010885124
ARAPAHOE,RAC875_c103094_120,2B,AA,0.016153496
NEKOTA,RAC875_c103094_120,2B,AA,0.015809848
ANTON,RAC875_c103094_120,2B,AA,0.01071026
HOMESTEAD,RAC875_c103094_120,2B,AA,0.01189508
OK05204,RAC875_c103094_120,2B,AA,0.014919813
INFINITY_CL,RAC875_c103094_120,2B,AA,0.01177579
OK06114,RAC875_c103094_120,2B,BB,0.016510782
SIOUXLAND,RAC875_c103094_120,2B,AA,0.014143476
OK05108,RAC875_c103094_120,2B,AA,0.0186376
RITA,RAC875_c103094_120,2B,AA,0.012043288
G1878,RAC875_c103094_120,2B,AA,0.014271172
HV9W03_1379R,RAC875_c103094_120,2B,AA,0.013870518
HV9W03_1551WP,RAC875_c103094_120,2B,BB,0.012244138
SPARTAN,RAC875_c103094_120,2B,BB,0.021376147
HV906_865,RAC875_c103094_120,2B,BB,0.010979979
PROWERS,RAC875_c103094_120,2B,AA,0.010444493
HV9W03_1596R,RAC875_c103094_120,2B,AA,0.010270518
HV9W05_1280R,RAC875_c103094_120,2B,BB,0.012494653
HV9W06_504,RAC875_c103094_120,2B,AA,0.016929284
SMOKYHILL,RAC875_c103094_120,2B,AA,0.007823997
ABOVE,RAC875_c103094_120,2B,AA,0.011906466
VONA,RAC875_c103094_120,2B,AA,0.015952731
SANDY,RAC875_c103094_120,2B,AA,0.011276233
HAIL,RAC875_c103094_120,2B,AA,0.018233816
BOND_CL,RAC875_c103094_120,2B,AA,0.013552322
PLATTE,RAC875_c103094_120,2B,AA,0.0133604
CO03W043,RAC875_c103094_120,2B,AA,0.013428841
CO03W054,RAC875_c103094_120,2B,AA,0.011678187
CO04025,RAC875_c103094_120,2B,AA,0.014986953
CO04393,RAC875_c103094_120,2B,AA,0.009987648
CO04499,RAC875_c103094_120,2B,AA,0.011703736
LAMAR,RAC875_c103094_120,2B,AA,0.008481666
CARSON,RAC875_c103094_120,2B,AA,0.014126233
AVALANCHE,RAC875_c103094_120,2B,AA,0.014681666
HALT,RAC875_c103094_120,2B,AA,0.013236953
HATCHER,RAC875_c103094_120,2B,AA,0.015001369
PRAIRIE_RED,RAC875_c103094_120,2B,AA,0.011278187
YUMAR,RAC875_c103094_120,2B,AA,0.013500273
SHOCKER,RAC875_c103094_120,2B,AA,0.018892605
CO03064,RAC875_c103094_120,2B,AA,0.01039381
BILL_BROWN,RAC875_c103094_120,2B,AA,0.01923078
RIPPER,RAC875_c103094_120,2B,AA,0.011931184
TARKIO,RAC875_c103094_120,2B,AA,0.011051704
YUMA,RAC875_c103094_120,2B,AA,0.015044905
JULES,RAC875_c103094_120,2B,AA,0.018425203
LOCKETT,RAC875_c103094_120,2B,AA,0.011769064
TAM302,RAC875_c103094_120,2B,AA,0.013695858
TAM303,RAC875_c103094_120,2B,AA,0.015845344
CAPROCK,RAC875_c103094_120,2B,BB,0.018893489
TAM200,RAC875_c103094_120,2B,AA,0.011594905
TAM112,RAC875_c103094_120,2B,AA,0.017469769
TAM401,RAC875_c103094_120,2B,AA,0.011945444
TAMW_101,RAC875_c103094_120,2B,BB,0.019671723
TX01A5936,RAC875_c103094_120,2B,AA,0.007746098
TAM105,RAC875_c103094_120,2B,AA,0.018753937
TX86A8072,RAC875_c103094_120,2B,AA,0.017000363
TAM304,RAC875_c103094_120,2B,AA,0.011219578
TAM202,RAC875_c103094_120,2B,AA,0.013177352
STURDY,RAC875_c103094_120,2B,BB,0.016426629
TX86A5606,RAC875_c103094_120,2B,AA,0.011972479
TX03A0563,RAC875_c103094_120,2B,AA,0.013604904
TX03A0148,RAC875_c103094_120,2B,AA,0.012126629
TX02A0252,RAC875_c103094_120,2B,AA,0.010304209
TX04V075080,RAC875_c103094_120,2B,AA,0.0135545
TX04M410211,RAC875_c103094_120,2B,AA,0.011268214
MIT,RAC875_c103094_120,2B,BB,0.021768625
STURDY_2K,RAC875_c103094_120,2B,BB,0.026851073
2180,RAC875_c103094_120,2B,BB,0.016158475
TAM107,RAC875_c103094_120,2B,AA,0.011952909
HG_9,RAC875_c103094_120,2B,AA,0.019323844
TX96D1073,RAC875_c103094_120,2B,AA,0.010705338
TX99A0153_1,RAC875_c103094_120,2B,AA,0.008898923
TX04M410164,RAC875_c103094_120,2B,AA,0.0111045
TAM111,RAC875_c103094_120,2B,AA,0.018427352
TX00V1131,RAC875_c103094_120,2B,AA,0.007354904
TX01M5009_28,RAC875_c103094_120,2B,AA,0.015318625
TX04A001246,RAC875_c103094_120,2B,AA,0.010904209
TAM110,RAC875_c103094_120,2B,AA,0.013730489
TAM109,RAC875_c103094_120,2B,BB,0.01739381
TX01V5134RC_3,RAC875_c103094_120,2B,AA,0.013677657
TX99U8618,RAC875_c103094_120,2B,AA,0.010099709
HUME,RAC875_c103094_120,2B,AA,0.011718564
2174_05,RAC875_c103094_120,2B,AA,0.017919451
CREST,RAC875_c103094_120,2B,AA,0.01105917
ROSEBUD,RAC875_c103094_120,2B,AA,0.019647755
DECADE,RAC875_c103094_120,2B,AA,0.017269685
MT06103,RAC875_c103094_120,2B,AA,0.016928451
TX06A001263,RAC875_c103094_120,2B,AA,0.015451073
TX05A001822,RAC875_c103094_120,2B,AA,0.012359476
TX06A001132,RAC875_c103094_120,2B,AA,0.016073601
TX06A001281,RAC875_c103094_120,2B,AA,0.012323189
TX05V7259,RAC875_c103094_120,2B,AA,0.016448465
TX07A001279,RAC875_c103094_120,2B,AA,0.012722046
TX07A001318,RAC875_c103094_120,2B,AA,0.015258736
TX07A001420,RAC875_c103094_120,2B,AA,0.014822046
TX06V7266,RAC875_c103094_120,2B,BB,0.017408332
OK1067071,RAC875_c103094_120,2B,AA,0.012480462
OK1067274,RAC875_c103094_120,2B,BB,0.012322896
OK1068009,RAC875_c103094_120,2B,AA,0.013681489
OK1068026,RAC875_c103094_120,2B,AA,0.018622458
OK1068112,RAC875_c103094_120,2B,AA,0.017931489
OK1070275,RAC875_c103094_120,2B,AA,0.011871362
OK1070267,RAC875_c103094_120,2B,AA,0.019397322
OK09634,RAC875_c103094_120,2B,AA,0.012023411
OK07231,RAC875_c103094_120,2B,AA,0.010308332
OK07S117,RAC875_c103094_120,2B,BB,0.012452755
OK08328,RAC875_c103094_120,2B,AA,0.011771362
TX06A001386,RAC875_c103094_120,2B,AA,0.011400419
LAKIN,RAC875_c103094_120,2B,AA,0.008523164
OVERLEY,RAC875_c103094_120,2B,AA,0.01452404
BIG_SKY,RAC875_c103094_120,2B,AA,0.012622896
MT0495,RAC875_c103094_120,2B,AA,0.016055338
MT85200,RAC875_c103094_120,2B,AA,0.015631923
ALLIANCE,RAC875_c103094_120,2B,AA,0.019144397
MTS0531,RAC875_c103094_120,2B,BB,0.015272891
FULLER,RAC875_c103094_120,2B,AA,0.013273601
NUSKY,RAC875_c103094_120,2B,AA,0.012921796
GENOU,RAC875_c103094_120,2B,AA,0.01752333
COUGAR,RAC875_c103094_120,2B,AA,0.012154524
YELLOWSTONE,RAC875_c103094_120,2B,AA,0.01315917
MT9982,RAC875_c103094_120,2B,AA,0.016899709
EXPEDITION,RAC875_c103094_120,2B,AA,0.014995844
JUDEE,RAC875_c103094_120,2B,AA,0.011901898
MT9904,RAC875_c103094_120,2B,AA,0.011930895
NUPLAINS,RAC875_c103094_120,2B,AA,0.011460337
OK102,RAC875_c103094_120,2B,AA,0.010697031
NORRIS,RAC875_c103094_120,2B,AA,0.020103189
DUKE,RAC875_c103094_120,2B,AA,0.011637243
JUDITH,RAC875_c103094_120,2B,AA,0.012708766
SD05210,RAC875_c103094_120,2B,AA,0.009896539
NEWTON,RAC875_c103094_120,2B,AA,0.014192867
PARKER,RAC875_c103094_120,2B,AA,0.017042867
LARNED,RAC875_c103094_120,2B,AA,0.010528451
KAW61,RAC875_c103094_120,2B,BB,0.015851898
STANTON,RAC875_c103094_120,2B,AA,0.018078741
PARKER76,RAC875_c103094_120,2B,AA,0.012693819
TASCOSA,RAC875_c103094_120,2B,AA,0.01850661
TREGO,RAC875_c103094_120,2B,AA,0.012673164
KIRWIN,RAC875_c103094_120,2B,AA,0.014867731
BISON,RAC875_c103094_120,2B,AA,0.016052778
KARL_92,RAC875_c103094_120,2B,AA,0.011875314
SAGE,RAC875_c103094_120,2B,AA,0.01190087
KIOWA,RAC875_c103094_120,2B,NA,0.015455915
DODGE,RAC875_c103094_120,2B,AA,0.016481173
TRISON,RAC875_c103094_120,2B,AA,0.009443305
COMANCHE,RAC875_c103094_120,2B,AA,0.017597803
NORKAN,RAC875_c103094_120,2B,AA,0.016291771
EAGLE,RAC875_c103094_120,2B,AA,0.014993305
CHENEY,RAC875_c103094_120,2B,AA,0.017142455
SHAWNEE,RAC875_c103094_120,2B,BB,0.016420339
HEYNE,RAC875_c103094_120,2B,AA,0.012572506
2145,RAC875_c103094_120,2B,AA,0.012524554
BAKERS_WHITE,RAC875_c103094_120,2B,AA,0.014097149
BURCHETT,RAC875_c103094_120,2B,AA,0.014069236
CO940610,RAC875_c103094_120,2B,BB,0.012292605
COSSACK,RAC875_c103094_120,2B,AA,0.019474554
CUTTER,RAC875_c103094_120,2B,AA,0.012945195
DUMAS,RAC875_c103094_120,2B,AA,0.012028335
ENHANCER,RAC875_c103094_120,2B,AA,0.020209185
HONDO,RAC875_c103094_120,2B,AA,0.015156206
JAGALENE,RAC875_c103094_120,2B,AA,0.013329363
KEOTA,RAC875_c103094_120,2B,AA,0.015353899
KS00F5_20_3,RAC875_c103094_120,2B,AA,0.015998465
LONGHORN,RAC875_c103094_120,2B,AA,0.010852778
NEOSHO,RAC875_c103094_120,2B,AA,0.010550629
NUHORIZON,RAC875_c103094_120,2B,AA,0.012020331
OGALLALA,RAC875_c103094_120,2B,AA,0.015206206
ONAGA,RAC875_c103094_120,2B,BB,0.014755915
RONL,RAC875_c103094_120,2B,AA,0.012182633
SANTA_FE,RAC875_c103094_120,2B,AA,0.00920988
SETTLER_CL,RAC875_c103094_120,2B,AA,0.013685911
THUNDER_CL,RAC875_c103094_120,2B,AA,0.012950273
THUNDERBOLT,RAC875_c103094_120,2B,AA,0.019621284
VENANGO,RAC875_c103094_120,2B,AA,0.01180988
W04_417,RAC875_c103094_120,2B,AA,0.009547803
WB411W,RAC875_c103094_120,2B,AA,0.014023189